[{"pk": 5, "model": "contenttypes.contenttype", "fields": {"model": "contenttype", "name": "content type", "app_label": "contenttypes"}}, {"pk": 10, "model": "contenttypes.contenttype", "fields": {"model": "depo", "name": "depo", "app_label": "depo"}}, {"pk": 9, "model": "contenttypes.contenttype", "fields": {"model": "djelatnik", "name": "djelatnik", "app_label": "depo"}}, {"pk": 16, "model": "contenttypes.contenttype", "fields": {"model": "dobavljac", "name": "dobavljac", "app_label": "meds"}}, {"pk": 2, "model": "contenttypes.contenttype", "fields": {"model": "group", "name": "group", "app_label": "auth"}}, {"pk": 11, "model": "contenttypes.contenttype", "fields": {"model": "lijek", "name": "lijek", "app_label": "depo"}}, {"pk": 15, "model": "contenttypes.contenttype", "fields": {"model": "lijek", "name": "lijek", "app_label": "meds"}}, {"pk": 8, "model": "contenttypes.contenttype", "fields": {"model": "logentry", "name": "log entry", "app_label": "admin"}}, {"pk": 4, "model": "contenttypes.contenttype", "fields": {"model": "message", "name": "message", "app_label": "auth"}}, {"pk": 1, "model": "contenttypes.contenttype", "fields": {"model": "permission", "name": "permission", "app_label": "auth"}}, {"pk": 14, "model": "contenttypes.contenttype", "fields": {"model": "posiljka", "name": "posiljka", "app_label": "depo"}}, {"pk": 13, "model": "contenttypes.contenttype", "fields": {"model": "posiljkalijek", "name": "posiljka lijek", "app_label": "depo"}}, {"pk": 6, "model": "contenttypes.contenttype", "fields": {"model": "session", "name": "session", "app_label": "sessions"}}, {"pk": 7, "model": "contenttypes.contenttype", "fields": {"model": "site", "name": "site", "app_label": "sites"}}, {"pk": 3, "model": "contenttypes.contenttype", "fields": {"model": "user", "name": "user", "app_label": "auth"}}, {"pk": 12, "model": "contenttypes.contenttype", "fields": {"model": "zahtjev", "name": "zahtjev", "app_label": "depo"}}, {"pk": "ee94b98b4a10e2e82d9206b4eb16cb49", "model": "sessions.session", "fields": {"expire_date": "2011-10-18 03:45:30", "session_data": "MTc3NDBhYzQ5NzNiNzllNTI1NTA3YzU5YzVjZjk5MGVjYWMyMjcyODqAAn1xAShVEl9hdXRoX3Vz\nZXJfYmFja2VuZHECVSlkamFuZ28uY29udHJpYi5hdXRoLmJhY2tlbmRzLk1vZGVsQmFja2VuZHED\nVQ1fYXV0aF91c2VyX2lkcQRLAXUu\n"}}, {"pk": "416d92594f73350feb0f81b197685c5e", "model": "sessions.session", "fields": {"expire_date": "2011-10-20 20:00:53", "session_data": "MTc3NDBhYzQ5NzNiNzllNTI1NTA3YzU5YzVjZjk5MGVjYWMyMjcyODqAAn1xAShVEl9hdXRoX3Vz\nZXJfYmFja2VuZHECVSlkamFuZ28uY29udHJpYi5hdXRoLmJhY2tlbmRzLk1vZGVsQmFja2VuZHED\nVQ1fYXV0aF91c2VyX2lkcQRLAXUu\n"}}, {"pk": "2e1e89a125948f65d9160ece3512aea9", "model": "sessions.session", "fields": {"expire_date": "2011-10-22 01:23:40", "session_data": "MTc3NDBhYzQ5NzNiNzllNTI1NTA3YzU5YzVjZjk5MGVjYWMyMjcyODqAAn1xAShVEl9hdXRoX3Vz\nZXJfYmFja2VuZHECVSlkamFuZ28uY29udHJpYi5hdXRoLmJhY2tlbmRzLk1vZGVsQmFja2VuZHED\nVQ1fYXV0aF91c2VyX2lkcQRLAXUu\n"}}, {"pk": 1, "model": "sites.site", "fields": {"domain": "example.com", "name": "example.com"}}, {"pk": 430, "model": "admin.logentry", "fields": {"action_flag": 3, "action_time": "2011-10-09 01:00:31", "object_repr": "EGYPT Nero XL", "object_id": "9", "change_message": "", "user": 1, "content_type": 15}}, {"pk": 429, "model": "admin.logentry", "fields": {"action_flag": 3, "action_time": "2011-10-09 01:00:31", "object_repr": "EGYPT Nero S", "object_id": "8", "change_message": "", "user": 1, "content_type": 15}}, {"pk": 428, "model": "admin.logentry", "fields": {"action_flag": 3, "action_time": "2011-10-09 01:00:31", "object_repr": "EGYPT Nero ML", "object_id": "7", "change_message": "", "user": 1, "content_type": 15}}, {"pk": 427, "model": "admin.logentry", "fields": {"action_flag": 3, "action_time": "2011-10-09 01:00:31", "object_repr": "EGYPT Nero M", "object_id": "6", "change_message": "", "user": 1, "content_type": 15}}, {"pk": 426, "model": "admin.logentry", "fields": {"action_flag": 3, "action_time": "2011-10-09 01:00:31", "object_repr": "EGYPT Nero L", "object_id": "5", "change_message": "", "user": 1, "content_type": 15}}, {"pk": 425, "model": "admin.logentry", "fields": {"action_flag": 3, "action_time": "2011-10-09 01:00:31", "object_repr": "EGYPT Moka XL", "object_id": "4", "change_message": "", "user": 1, "content_type": 15}}, {"pk": 424, "model": "admin.logentry", "fields": {"action_flag": 3, "action_time": "2011-10-09 01:00:31", "object_repr": "EGYPT Moka S", "object_id": "3", "change_message": "", "user": 1, "content_type": 15}}, {"pk": 423, "model": "admin.logentry", "fields": {"action_flag": 3, "action_time": "2011-10-09 01:00:31", "object_repr": "EGYPT Moka ML", "object_id": "2", "change_message": "", "user": 1, "content_type": 15}}, {"pk": 422, "model": "admin.logentry", "fields": {"action_flag": 3, "action_time": "2011-10-09 01:00:31", "object_repr": "EGYPT Moka M", "object_id": "1", "change_message": "", "user": 1, "content_type": 15}}, {"pk": 421, "model": "admin.logentry", "fields": {"action_flag": 3, "action_time": "2011-10-09 01:00:31", "object_repr": "ABBOCATH T Hospira siehe INFUSIONSZUBEHOER Abboc", "object_id": "49", "change_message": "", "user": 1, "content_type": 15}}, {"pk": 420, "model": "admin.logentry", "fields": {"action_flag": 3, "action_time": "2011-10-09 01:00:31", "object_repr": "ABBE Refraktometer geeicht temperierbar", "object_id": "48", "change_message": "", "user": 1, "content_type": 15}}, {"pk": 419, "model": "admin.logentry", "fields": {"action_flag": 3, "action_time": "2011-10-09 01:00:31", "object_repr": "ABAYARISHTA fluessig", "object_id": "47", "change_message": "", "user": 1, "content_type": 15}}, {"pk": 418, "model": "admin.logentry", "fields": {"action_flag": 3, "action_time": "2011-10-09 01:00:31", "object_repr": "ABAYARISHTA fluessig", "object_id": "46", "change_message": "", "user": 1, "content_type": 15}}, {"pk": 417, "model": "admin.logentry", "fields": {"action_flag": 3, "action_time": "2011-10-09 01:00:31", "object_repr": "ABALON 500 mg Tabletten", "object_id": "45", "change_message": "", "user": 1, "content_type": 15}}, {"pk": 416, "model": "admin.logentry", "fields": {"action_flag": 3, "action_time": "2011-10-09 01:00:31", "object_repr": "AAR VIR Drag.", "object_id": "44", "change_message": "", "user": 1, "content_type": 15}}, {"pk": 415, "model": "admin.logentry", "fields": {"action_flag": 3, "action_time": "2011-10-09 01:00:31", "object_repr": "AAR VIR Drag.", "object_id": "43", "change_message": "", "user": 1, "content_type": 15}}, {"pk": 414, "model": "admin.logentry", "fields": {"action_flag": 3, "action_time": "2011-10-09 01:00:31", "object_repr": "AAR VIR Drag.", "object_id": "42", "change_message": "", "user": 1, "content_type": 15}}, {"pk": 413, "model": "admin.logentry", "fields": {"action_flag": 3, "action_time": "2011-10-09 01:00:31", "object_repr": "AAR VIR Drag.", "object_id": "41", "change_message": "", "user": 1, "content_type": 15}}, {"pk": 412, "model": "admin.logentry", "fields": {"action_flag": 3, "action_time": "2011-10-09 01:00:31", "object_repr": "AAR VIR Drag.", "object_id": "40", "change_message": "", "user": 1, "content_type": 15}}, {"pk": 411, "model": "admin.logentry", "fields": {"action_flag": 3, "action_time": "2011-10-09 01:00:31", "object_repr": "AAR VIR Drag.", "object_id": "39", "change_message": "", "user": 1, "content_type": 15}}, {"pk": 410, "model": "admin.logentry", "fields": {"action_flag": 3, "action_time": "2011-10-09 01:00:31", "object_repr": "AAR OS Vital Drag.", "object_id": "38", "change_message": "", "user": 1, "content_type": 15}}, {"pk": 409, "model": "admin.logentry", "fields": {"action_flag": 3, "action_time": "2011-10-09 01:00:31", "object_repr": "AAR OS Vital Drag.", "object_id": "37", "change_message": "", "user": 1, "content_type": 15}}, {"pk": 408, "model": "admin.logentry", "fields": {"action_flag": 3, "action_time": "2011-10-09 01:00:31", "object_repr": "AAR OS N Drag.", "object_id": "36", "change_message": "", "user": 1, "content_type": 15}}, {"pk": 407, "model": "admin.logentry", "fields": {"action_flag": 3, "action_time": "2011-10-09 01:00:31", "object_repr": "AAR OS N Drag.", "object_id": "35", "change_message": "", "user": 1, "content_type": 15}}, {"pk": 406, "model": "admin.logentry", "fields": {"action_flag": 3, "action_time": "2011-10-09 01:00:31", "object_repr": "AAR OS N Drag.", "object_id": "34", "change_message": "", "user": 1, "content_type": 15}}, {"pk": 405, "model": "admin.logentry", "fields": {"action_flag": 3, "action_time": "2011-10-09 01:00:31", "object_repr": "AAR GAMMA N 300 mg Drag.", "object_id": "33", "change_message": "", "user": 1, "content_type": 15}}, {"pk": 404, "model": "admin.logentry", "fields": {"action_flag": 3, "action_time": "2011-10-09 01:00:31", "object_repr": "AAR GAMMA N 300 mg Drag.", "object_id": "32", "change_message": "", "user": 1, "content_type": 15}}, {"pk": 403, "model": "admin.logentry", "fields": {"action_flag": 3, "action_time": "2011-10-09 01:00:31", "object_repr": "AAR GAMMA N 300 mg Drag.", "object_id": "31", "change_message": "", "user": 1, "content_type": 15}}, {"pk": 402, "model": "admin.logentry", "fields": {"action_flag": 3, "action_time": "2011-10-09 01:00:31", "object_repr": "AAR GAMMA N 300 mg Drag.", "object_id": "30", "change_message": "", "user": 1, "content_type": 15}}, {"pk": 401, "model": "admin.logentry", "fields": {"action_flag": 3, "action_time": "2011-10-09 01:00:31", "object_repr": "AARANE N Dos.-Aerosol", "object_id": "29", "change_message": "", "user": 1, "content_type": 15}}, {"pk": 400, "model": "admin.logentry", "fields": {"action_flag": 3, "action_time": "2011-10-09 01:00:31", "object_repr": "AARANE N Dos.-Aerosol", "object_id": "28", "change_message": "", "user": 1, "content_type": 15}}, {"pk": 399, "model": "admin.logentry", "fields": {"action_flag": 3, "action_time": "2011-10-09 01:00:31", "object_repr": "AARANE N Dos.-Aerosol", "object_id": "27", "change_message": "", "user": 1, "content_type": 15}}, {"pk": 398, "model": "admin.logentry", "fields": {"action_flag": 3, "action_time": "2011-10-09 01:00:31", "object_repr": "AARANE N Dos.-Aerosol", "object_id": "26", "change_message": "", "user": 1, "content_type": 15}}, {"pk": 397, "model": "admin.logentry", "fields": {"action_flag": 3, "action_time": "2011-10-09 01:00:31", "object_repr": "AAPO SPA Basenpulver Auer Sport", "object_id": "25", "change_message": "", "user": 1, "content_type": 15}}, {"pk": 396, "model": "admin.logentry", "fields": {"action_flag": 3, "action_time": "2011-10-09 01:00:31", "object_repr": "AAPO SPA Basenpulver Auer", "object_id": "24", "change_message": "", "user": 1, "content_type": 15}}, {"pk": 395, "model": "admin.logentry", "fields": {"action_flag": 3, "action_time": "2011-10-09 01:00:31", "object_repr": "AAPO SPA Basenpulver Auer", "object_id": "23", "change_message": "", "user": 1, "content_type": 15}}, {"pk": 394, "model": "admin.logentry", "fields": {"action_flag": 3, "action_time": "2011-10-09 01:00:31", "object_repr": "AAPO SPA Basenbad Auer", "object_id": "22", "change_message": "", "user": 1, "content_type": 15}}, {"pk": 393, "model": "admin.logentry", "fields": {"action_flag": 3, "action_time": "2011-10-09 01:00:31", "object_repr": "AAGAARD Propolis Zahnpaste", "object_id": "21", "change_message": "", "user": 1, "content_type": 15}}, {"pk": 392, "model": "admin.logentry", "fields": {"action_flag": 3, "action_time": "2011-10-09 01:00:31", "object_repr": "AAGAARD Propolis Mundgel", "object_id": "20", "change_message": "", "user": 1, "content_type": 15}}, {"pk": 391, "model": "admin.logentry", "fields": {"action_flag": 3, "action_time": "2011-10-09 01:00:31", "object_repr": "AAGAARD Propolis Loesung", "object_id": "19", "change_message": "", "user": 1, "content_type": 15}}, {"pk": 390, "model": "admin.logentry", "fields": {"action_flag": 3, "action_time": "2011-10-09 01:00:31", "object_repr": "AAGAARD Propolis Kapseln", "object_id": "18", "change_message": "", "user": 1, "content_type": 15}}, {"pk": 389, "model": "admin.logentry", "fields": {"action_flag": 3, "action_time": "2011-10-09 01:00:31", "object_repr": "AAGAARD Propolis Kapseln", "object_id": "17", "change_message": "", "user": 1, "content_type": 15}}, {"pk": 388, "model": "admin.logentry", "fields": {"action_flag": 3, "action_time": "2011-10-09 01:00:31", "object_repr": "AAGAARD Propolis 10% Salbe", "object_id": "16", "change_message": "", "user": 1, "content_type": 15}}, {"pk": 387, "model": "admin.logentry", "fields": {"action_flag": 3, "action_time": "2011-10-09 01:00:31", "object_repr": "A 29 Haar Aktiv Kapseln Plus", "object_id": "15", "change_message": "", "user": 1, "content_type": 15}}, {"pk": 386, "model": "admin.logentry", "fields": {"action_flag": 3, "action_time": "2011-10-09 01:00:31", "object_repr": "A 6 Bettbeutel geschl.System 120 cm", "object_id": "14", "change_message": "", "user": 1, "content_type": 15}}, {"pk": 385, "model": "admin.logentry", "fields": {"action_flag": 3, "action_time": "2011-10-09 01:00:31", "object_repr": "A6 Safeti mit Ablass CV steril Kombi Kon Beutel", "object_id": "13", "change_message": "", "user": 1, "content_type": 15}}, {"pk": 384, "model": "admin.logentry", "fields": {"action_flag": 3, "action_time": "2011-10-09 01:00:31", "object_repr": "A 6 Kombi Kon geschl.Urinbeutel System blau", "object_id": "12", "change_message": "", "user": 1, "content_type": 15}}, {"pk": 383, "model": "admin.logentry", "fields": {"action_flag": 3, "action_time": "2011-10-09 01:00:31", "object_repr": "A 6 Drainage Urinbeutel 125 cm", "object_id": "11", "change_message": "", "user": 1, "content_type": 15}}, {"pk": 382, "model": "admin.logentry", "fields": {"action_flag": 3, "action_time": "2011-10-09 01:00:31", "object_repr": "A 4 m.Abl.CV steril m.Haenger", "object_id": "10", "change_message": "", "user": 1, "content_type": 15}}, {"pk": 381, "model": "admin.logentry", "fields": {"action_flag": 3, "action_time": "2011-10-09 00:55:54", "object_repr": "EGYPT Moka M", "object_id": "1", "change_message": "", "user": 1, "content_type": 15}}, {"pk": 380, "model": "admin.logentry", "fields": {"action_flag": 3, "action_time": "2011-10-09 00:55:54", "object_repr": "EGYPT Moka ML", "object_id": "2", "change_message": "", "user": 1, "content_type": 15}}, {"pk": 379, "model": "admin.logentry", "fields": {"action_flag": 3, "action_time": "2011-10-09 00:55:54", "object_repr": "EGYPT Moka S", "object_id": "3", "change_message": "", "user": 1, "content_type": 15}}, {"pk": 378, "model": "admin.logentry", "fields": {"action_flag": 3, "action_time": "2011-10-09 00:55:54", "object_repr": "EGYPT Moka XL", "object_id": "4", "change_message": "", "user": 1, "content_type": 15}}, {"pk": 377, "model": "admin.logentry", "fields": {"action_flag": 3, "action_time": "2011-10-09 00:55:54", "object_repr": "EGYPT Nero L", "object_id": "5", "change_message": "", "user": 1, "content_type": 15}}, {"pk": 376, "model": "admin.logentry", "fields": {"action_flag": 3, "action_time": "2011-10-09 00:55:54", "object_repr": "EGYPT Nero M", "object_id": "6", "change_message": "", "user": 1, "content_type": 15}}, {"pk": 375, "model": "admin.logentry", "fields": {"action_flag": 3, "action_time": "2011-10-09 00:55:54", "object_repr": "EGYPT Nero ML", "object_id": "7", "change_message": "", "user": 1, "content_type": 15}}, {"pk": 374, "model": "admin.logentry", "fields": {"action_flag": 3, "action_time": "2011-10-09 00:55:54", "object_repr": "EGYPT Nero S", "object_id": "8", "change_message": "", "user": 1, "content_type": 15}}, {"pk": 373, "model": "admin.logentry", "fields": {"action_flag": 3, "action_time": "2011-10-09 00:55:54", "object_repr": "EGYPT Nero XL", "object_id": "9", "change_message": "", "user": 1, "content_type": 15}}, {"pk": 372, "model": "admin.logentry", "fields": {"action_flag": 3, "action_time": "2011-10-09 00:55:54", "object_repr": "A 4 m.Abl.CV steril m.Haenger", "object_id": "10", "change_message": "", "user": 1, "content_type": 15}}, {"pk": 371, "model": "admin.logentry", "fields": {"action_flag": 3, "action_time": "2011-10-09 00:55:54", "object_repr": "A 6 Drainage Urinbeutel 125 cm", "object_id": "11", "change_message": "", "user": 1, "content_type": 15}}, {"pk": 370, "model": "admin.logentry", "fields": {"action_flag": 3, "action_time": "2011-10-09 00:55:54", "object_repr": "A 6 Kombi Kon geschl.Urinbeutel System blau", "object_id": "12", "change_message": "", "user": 1, "content_type": 15}}, {"pk": 369, "model": "admin.logentry", "fields": {"action_flag": 3, "action_time": "2011-10-09 00:55:54", "object_repr": "A6 Safeti mit Ablass CV steril Kombi Kon Beutel", "object_id": "13", "change_message": "", "user": 1, "content_type": 15}}, {"pk": 368, "model": "admin.logentry", "fields": {"action_flag": 3, "action_time": "2011-10-09 00:55:54", "object_repr": "A 6 Bettbeutel geschl.System 120 cm", "object_id": "14", "change_message": "", "user": 1, "content_type": 15}}, {"pk": 367, "model": "admin.logentry", "fields": {"action_flag": 3, "action_time": "2011-10-09 00:55:54", "object_repr": "A 29 Haar Aktiv Kapseln Plus", "object_id": "15", "change_message": "", "user": 1, "content_type": 15}}, {"pk": 366, "model": "admin.logentry", "fields": {"action_flag": 3, "action_time": "2011-10-09 00:55:54", "object_repr": "AAGAARD Propolis 10% Salbe", "object_id": "16", "change_message": "", "user": 1, "content_type": 15}}, {"pk": 365, "model": "admin.logentry", "fields": {"action_flag": 3, "action_time": "2011-10-09 00:55:54", "object_repr": "AAGAARD Propolis Kapseln", "object_id": "17", "change_message": "", "user": 1, "content_type": 15}}, {"pk": 364, "model": "admin.logentry", "fields": {"action_flag": 3, "action_time": "2011-10-09 00:55:54", "object_repr": "AAGAARD Propolis Kapseln", "object_id": "18", "change_message": "", "user": 1, "content_type": 15}}, {"pk": 363, "model": "admin.logentry", "fields": {"action_flag": 3, "action_time": "2011-10-09 00:55:54", "object_repr": "AAGAARD Propolis Loesung", "object_id": "19", "change_message": "", "user": 1, "content_type": 15}}, {"pk": 362, "model": "admin.logentry", "fields": {"action_flag": 3, "action_time": "2011-10-09 00:55:54", "object_repr": "AAGAARD Propolis Mundgel", "object_id": "20", "change_message": "", "user": 1, "content_type": 15}}, {"pk": 361, "model": "admin.logentry", "fields": {"action_flag": 3, "action_time": "2011-10-09 00:55:54", "object_repr": "AAGAARD Propolis Zahnpaste", "object_id": "21", "change_message": "", "user": 1, "content_type": 15}}, {"pk": 360, "model": "admin.logentry", "fields": {"action_flag": 3, "action_time": "2011-10-09 00:55:54", "object_repr": "AAPO SPA Basenbad Auer", "object_id": "22", "change_message": "", "user": 1, "content_type": 15}}, {"pk": 359, "model": "admin.logentry", "fields": {"action_flag": 3, "action_time": "2011-10-09 00:55:54", "object_repr": "AAPO SPA Basenpulver Auer", "object_id": "23", "change_message": "", "user": 1, "content_type": 15}}, {"pk": 358, "model": "admin.logentry", "fields": {"action_flag": 3, "action_time": "2011-10-09 00:55:54", "object_repr": "AAPO SPA Basenpulver Auer", "object_id": "24", "change_message": "", "user": 1, "content_type": 15}}, {"pk": 357, "model": "admin.logentry", "fields": {"action_flag": 3, "action_time": "2011-10-09 00:55:54", "object_repr": "AAPO SPA Basenpulver Auer Sport", "object_id": "25", "change_message": "", "user": 1, "content_type": 15}}, {"pk": 356, "model": "admin.logentry", "fields": {"action_flag": 3, "action_time": "2011-10-09 00:55:54", "object_repr": "AARANE N Dos.-Aerosol", "object_id": "26", "change_message": "", "user": 1, "content_type": 15}}, {"pk": 355, "model": "admin.logentry", "fields": {"action_flag": 3, "action_time": "2011-10-09 00:55:54", "object_repr": "AARANE N Dos.-Aerosol", "object_id": "27", "change_message": "", "user": 1, "content_type": 15}}, {"pk": 354, "model": "admin.logentry", "fields": {"action_flag": 3, "action_time": "2011-10-09 00:55:54", "object_repr": "AARANE N Dos.-Aerosol", "object_id": "28", "change_message": "", "user": 1, "content_type": 15}}, {"pk": 353, "model": "admin.logentry", "fields": {"action_flag": 3, "action_time": "2011-10-09 00:55:54", "object_repr": "AARANE N Dos.-Aerosol", "object_id": "29", "change_message": "", "user": 1, "content_type": 15}}, {"pk": 352, "model": "admin.logentry", "fields": {"action_flag": 3, "action_time": "2011-10-09 00:55:54", "object_repr": "AAR GAMMA N 300 mg Drag.", "object_id": "30", "change_message": "", "user": 1, "content_type": 15}}, {"pk": 351, "model": "admin.logentry", "fields": {"action_flag": 3, "action_time": "2011-10-09 00:55:54", "object_repr": "AAR GAMMA N 300 mg Drag.", "object_id": "31", "change_message": "", "user": 1, "content_type": 15}}, {"pk": 350, "model": "admin.logentry", "fields": {"action_flag": 3, "action_time": "2011-10-09 00:55:54", "object_repr": "AAR GAMMA N 300 mg Drag.", "object_id": "32", "change_message": "", "user": 1, "content_type": 15}}, {"pk": 349, "model": "admin.logentry", "fields": {"action_flag": 3, "action_time": "2011-10-09 00:55:54", "object_repr": "AAR GAMMA N 300 mg Drag.", "object_id": "33", "change_message": "", "user": 1, "content_type": 15}}, {"pk": 348, "model": "admin.logentry", "fields": {"action_flag": 3, "action_time": "2011-10-09 00:55:54", "object_repr": "AAR OS N Drag.", "object_id": "34", "change_message": "", "user": 1, "content_type": 15}}, {"pk": 347, "model": "admin.logentry", "fields": {"action_flag": 3, "action_time": "2011-10-09 00:55:54", "object_repr": "AAR OS N Drag.", "object_id": "35", "change_message": "", "user": 1, "content_type": 15}}, {"pk": 346, "model": "admin.logentry", "fields": {"action_flag": 3, "action_time": "2011-10-09 00:55:54", "object_repr": "AAR OS N Drag.", "object_id": "36", "change_message": "", "user": 1, "content_type": 15}}, {"pk": 345, "model": "admin.logentry", "fields": {"action_flag": 3, "action_time": "2011-10-09 00:55:54", "object_repr": "AAR OS Vital Drag.", "object_id": "37", "change_message": "", "user": 1, "content_type": 15}}, {"pk": 344, "model": "admin.logentry", "fields": {"action_flag": 3, "action_time": "2011-10-09 00:55:54", "object_repr": "AAR OS Vital Drag.", "object_id": "38", "change_message": "", "user": 1, "content_type": 15}}, {"pk": 343, "model": "admin.logentry", "fields": {"action_flag": 3, "action_time": "2011-10-09 00:55:54", "object_repr": "AAR VIR Drag.", "object_id": "39", "change_message": "", "user": 1, "content_type": 15}}, {"pk": 342, "model": "admin.logentry", "fields": {"action_flag": 3, "action_time": "2011-10-09 00:55:54", "object_repr": "AAR VIR Drag.", "object_id": "40", "change_message": "", "user": 1, "content_type": 15}}, {"pk": 341, "model": "admin.logentry", "fields": {"action_flag": 3, "action_time": "2011-10-09 00:55:54", "object_repr": "AAR VIR Drag.", "object_id": "41", "change_message": "", "user": 1, "content_type": 15}}, {"pk": 340, "model": "admin.logentry", "fields": {"action_flag": 3, "action_time": "2011-10-09 00:55:54", "object_repr": "AAR VIR Drag.", "object_id": "42", "change_message": "", "user": 1, "content_type": 15}}, {"pk": 339, "model": "admin.logentry", "fields": {"action_flag": 3, "action_time": "2011-10-09 00:55:54", "object_repr": "AAR VIR Drag.", "object_id": "43", "change_message": "", "user": 1, "content_type": 15}}, {"pk": 338, "model": "admin.logentry", "fields": {"action_flag": 3, "action_time": "2011-10-09 00:55:54", "object_repr": "AAR VIR Drag.", "object_id": "44", "change_message": "", "user": 1, "content_type": 15}}, {"pk": 337, "model": "admin.logentry", "fields": {"action_flag": 3, "action_time": "2011-10-09 00:55:54", "object_repr": "ABALON 500 mg Tabletten", "object_id": "45", "change_message": "", "user": 1, "content_type": 15}}, {"pk": 336, "model": "admin.logentry", "fields": {"action_flag": 3, "action_time": "2011-10-09 00:55:54", "object_repr": "ABAYARISHTA fluessig", "object_id": "46", "change_message": "", "user": 1, "content_type": 15}}, {"pk": 335, "model": "admin.logentry", "fields": {"action_flag": 3, "action_time": "2011-10-09 00:55:54", "object_repr": "ABAYARISHTA fluessig", "object_id": "47", "change_message": "", "user": 1, "content_type": 15}}, {"pk": 334, "model": "admin.logentry", "fields": {"action_flag": 3, "action_time": "2011-10-09 00:55:54", "object_repr": "ABBE Refraktometer geeicht temperierbar", "object_id": "48", "change_message": "", "user": 1, "content_type": 15}}, {"pk": 333, "model": "admin.logentry", "fields": {"action_flag": 3, "action_time": "2011-10-09 00:55:54", "object_repr": "ABBOCATH T Hospira siehe INFUSIONSZUBEHOER Abboc", "object_id": "49", "change_message": "", "user": 1, "content_type": 15}}, {"pk": 332, "model": "admin.logentry", "fields": {"action_flag": 3, "action_time": "2011-10-08 02:17:44", "object_repr": "PosiljkaLijek object", "object_id": "1", "change_message": "", "user": 1, "content_type": 13}}, {"pk": 331, "model": "admin.logentry", "fields": {"action_flag": 3, "action_time": "2011-10-08 02:17:44", "object_repr": "PosiljkaLijek object", "object_id": "2", "change_message": "", "user": 1, "content_type": 13}}, {"pk": 330, "model": "admin.logentry", "fields": {"action_flag": 1, "action_time": "2011-10-08 02:17:28", "object_repr": "PosiljkaLijek object", "object_id": "2", "change_message": "", "user": 1, "content_type": 13}}, {"pk": 329, "model": "admin.logentry", "fields": {"action_flag": 1, "action_time": "2011-10-08 02:17:22", "object_repr": "PosiljkaLijek object", "object_id": "1", "change_message": "", "user": 1, "content_type": 13}}, {"pk": 328, "model": "admin.logentry", "fields": {"action_flag": 2, "action_time": "2011-10-08 02:15:52", "object_repr": "muftic", "object_id": "10", "change_message": "Changed last_name and groups.", "user": 1, "content_type": 3}}, {"pk": 327, "model": "admin.logentry", "fields": {"action_flag": 1, "action_time": "2011-10-08 02:15:46", "object_repr": "Skladiste", "object_id": "2", "change_message": "", "user": 1, "content_type": 2}}, {"pk": 326, "model": "admin.logentry", "fields": {"action_flag": 1, "action_time": "2011-10-08 02:15:35", "object_repr": "muftic", "object_id": "10", "change_message": "", "user": 1, "content_type": 3}}, {"pk": 325, "model": "admin.logentry", "fields": {"action_flag": 2, "action_time": "2011-10-08 01:57:45", "object_repr": "petra", "object_id": "9", "change_message": "Changed first_name, last_name and groups.", "user": 1, "content_type": 3}}, {"pk": 324, "model": "admin.logentry", "fields": {"action_flag": 1, "action_time": "2011-10-08 01:57:38", "object_repr": "petra", "object_id": "9", "change_message": "", "user": 1, "content_type": 3}}, {"pk": 323, "model": "admin.logentry", "fields": {"action_flag": 2, "action_time": "2011-10-08 01:57:27", "object_repr": "mara", "object_id": "8", "change_message": "Changed first_name, last_name and groups.", "user": 1, "content_type": 3}}, {"pk": 322, "model": "admin.logentry", "fields": {"action_flag": 1, "action_time": "2011-10-08 01:57:15", "object_repr": "mara", "object_id": "8", "change_message": "", "user": 1, "content_type": 3}}, {"pk": 321, "model": "admin.logentry", "fields": {"action_flag": 2, "action_time": "2011-10-08 01:56:45", "object_repr": "lobel", "object_id": "7", "change_message": "Changed first_name, last_name and groups.", "user": 1, "content_type": 3}}, {"pk": 320, "model": "admin.logentry", "fields": {"action_flag": 1, "action_time": "2011-10-08 01:56:38", "object_repr": "lobel", "object_id": "7", "change_message": "", "user": 1, "content_type": 3}}, {"pk": 319, "model": "admin.logentry", "fields": {"action_flag": 2, "action_time": "2011-10-08 01:56:29", "object_repr": "miki", "object_id": "6", "change_message": "Changed first_name, last_name and groups.", "user": 1, "content_type": 3}}, {"pk": 318, "model": "admin.logentry", "fields": {"action_flag": 1, "action_time": "2011-10-08 01:56:10", "object_repr": "miki", "object_id": "6", "change_message": "", "user": 1, "content_type": 3}}, {"pk": 317, "model": "admin.logentry", "fields": {"action_flag": 2, "action_time": "2011-10-08 01:55:53", "object_repr": "marina", "object_id": "5", "change_message": "Changed first_name, last_name and groups.", "user": 1, "content_type": 3}}, {"pk": 316, "model": "admin.logentry", "fields": {"action_flag": 1, "action_time": "2011-10-08 01:55:37", "object_repr": "marina", "object_id": "5", "change_message": "", "user": 1, "content_type": 3}}, {"pk": 315, "model": "admin.logentry", "fields": {"action_flag": 2, "action_time": "2011-10-08 01:55:25", "object_repr": "ana", "object_id": "2", "change_message": "Changed last_name.", "user": 1, "content_type": 3}}, {"pk": 314, "model": "admin.logentry", "fields": {"action_flag": 2, "action_time": "2011-10-08 01:55:21", "object_repr": "ana", "object_id": "2", "change_message": "Changed email.", "user": 1, "content_type": 3}}, {"pk": 313, "model": "admin.logentry", "fields": {"action_flag": 2, "action_time": "2011-10-08 01:55:15", "object_repr": "jarmila", "object_id": "4", "change_message": "Changed first_name and last_name.", "user": 1, "content_type": 3}}, {"pk": 312, "model": "admin.logentry", "fields": {"action_flag": 2, "action_time": "2011-10-08 01:55:05", "object_repr": "dragana", "object_id": "3", "change_message": "Changed first_name and last_name.", "user": 1, "content_type": 3}}, {"pk": 311, "model": "admin.logentry", "fields": {"action_flag": 2, "action_time": "2011-10-08 01:54:52", "object_repr": "jarmila", "object_id": "4", "change_message": "No fields changed.", "user": 1, "content_type": 3}}, {"pk": 310, "model": "admin.logentry", "fields": {"action_flag": 2, "action_time": "2011-10-08 01:54:46", "object_repr": "dragana", "object_id": "3", "change_message": "Changed groups.", "user": 1, "content_type": 3}}, {"pk": 309, "model": "admin.logentry", "fields": {"action_flag": 2, "action_time": "2011-10-08 01:54:39", "object_repr": "jarmila", "object_id": "4", "change_message": "Changed groups.", "user": 1, "content_type": 3}}, {"pk": 308, "model": "admin.logentry", "fields": {"action_flag": 1, "action_time": "2011-10-08 01:54:19", "object_repr": "jarmila", "object_id": "4", "change_message": "", "user": 1, "content_type": 3}}, {"pk": 307, "model": "admin.logentry", "fields": {"action_flag": 1, "action_time": "2011-10-08 01:54:10", "object_repr": "dragana", "object_id": "3", "change_message": "", "user": 1, "content_type": 3}}, {"pk": 306, "model": "admin.logentry", "fields": {"action_flag": 1, "action_time": "2011-10-08 01:52:58", "object_repr": "Ana \u0160tefan", "object_id": "1", "change_message": "", "user": 1, "content_type": 9}}, {"pk": 305, "model": "admin.logentry", "fields": {"action_flag": 2, "action_time": "2011-10-08 01:24:47", "object_repr": "Bosna i Hercegovina", "object_id": "8", "change_message": "Changed naziv.", "user": 1, "content_type": 10}}, {"pk": 304, "model": "admin.logentry", "fields": {"action_flag": 1, "action_time": "2011-10-08 01:24:31", "object_repr": "Nizozemska", "object_id": "10", "change_message": "", "user": 1, "content_type": 10}}, {"pk": 303, "model": "admin.logentry", "fields": {"action_flag": 1, "action_time": "2011-10-08 01:24:25", "object_repr": "\u0160panjolska", "object_id": "9", "change_message": "", "user": 1, "content_type": 10}}, {"pk": 302, "model": "admin.logentry", "fields": {"action_flag": 1, "action_time": "2011-10-08 01:24:21", "object_repr": "BiH", "object_id": "8", "change_message": "", "user": 1, "content_type": 10}}, {"pk": 301, "model": "admin.logentry", "fields": {"action_flag": 1, "action_time": "2011-10-08 01:24:16", "object_repr": "Francuska", "object_id": "7", "change_message": "", "user": 1, "content_type": 10}}, {"pk": 300, "model": "admin.logentry", "fields": {"action_flag": 1, "action_time": "2011-10-08 01:24:11", "object_repr": "Amerika", "object_id": "6", "change_message": "", "user": 1, "content_type": 10}}, {"pk": 299, "model": "admin.logentry", "fields": {"action_flag": 1, "action_time": "2011-10-08 01:24:05", "object_repr": "Italija", "object_id": "5", "change_message": "", "user": 1, "content_type": 10}}, {"pk": 298, "model": "admin.logentry", "fields": {"action_flag": 1, "action_time": "2011-10-08 01:23:58", "object_repr": "\u0160vicarska", "object_id": "4", "change_message": "", "user": 1, "content_type": 10}}, {"pk": 297, "model": "admin.logentry", "fields": {"action_flag": 1, "action_time": "2011-10-08 01:23:55", "object_repr": "Slovenija", "object_id": "3", "change_message": "", "user": 1, "content_type": 10}}, {"pk": 296, "model": "admin.logentry", "fields": {"action_flag": 1, "action_time": "2011-10-08 01:23:49", "object_repr": "Njema\u010dka", "object_id": "2", "change_message": "", "user": 1, "content_type": 10}}, {"pk": 295, "model": "admin.logentry", "fields": {"action_flag": 2, "action_time": "2011-10-07 03:39:29", "object_repr": "Zahtjev object", "object_id": "1", "change_message": "Changed status.", "user": 1, "content_type": 12}}, {"pk": 294, "model": "admin.logentry", "fields": {"action_flag": 2, "action_time": "2011-10-07 03:37:18", "object_repr": "Zahtjev object", "object_id": "1", "change_message": "Changed status.", "user": 1, "content_type": 12}}, {"pk": 293, "model": "admin.logentry", "fields": {"action_flag": 1, "action_time": "2011-10-07 02:37:34", "object_repr": "Zahtjev object", "object_id": "1", "change_message": "", "user": 1, "content_type": 12}}, {"pk": 292, "model": "admin.logentry", "fields": {"action_flag": 2, "action_time": "2011-10-06 00:31:21", "object_repr": "ana", "object_id": "2", "change_message": "Changed first_name, last_name, email and groups.", "user": 1, "content_type": 3}}, {"pk": 291, "model": "admin.logentry", "fields": {"action_flag": 1, "action_time": "2011-10-06 00:31:11", "object_repr": "Prodaja", "object_id": "1", "change_message": "", "user": 1, "content_type": 2}}, {"pk": 290, "model": "admin.logentry", "fields": {"action_flag": 1, "action_time": "2011-10-06 00:29:24", "object_repr": "ana", "object_id": "2", "change_message": "", "user": 1, "content_type": 3}}, {"pk": 289, "model": "admin.logentry", "fields": {"action_flag": 2, "action_time": "2011-10-04 04:03:51", "object_repr": "Aknemycin Hidro 1%", "object_id": "5", "change_message": "Changed naziv.", "user": 1, "content_type": 11}}, {"pk": 288, "model": "admin.logentry", "fields": {"action_flag": 2, "action_time": "2011-10-04 04:03:36", "object_repr": "Aethoxysklerol 3%", "object_id": "4", "change_message": "Changed naziv.", "user": 1, "content_type": 11}}, {"pk": 287, "model": "admin.logentry", "fields": {"action_flag": 2, "action_time": "2011-10-04 04:03:27", "object_repr": "Aethoxysklerol 1%", "object_id": "2", "change_message": "Changed naziv.", "user": 1, "content_type": 11}}, {"pk": 286, "model": "admin.logentry", "fields": {"action_flag": 2, "action_time": "2011-10-04 04:03:19", "object_repr": "Aethoxysklerol 0,5 %", "object_id": "1", "change_message": "Changed naziv.", "user": 1, "content_type": 11}}, {"pk": 285, "model": "admin.logentry", "fields": {"action_flag": 3, "action_time": "2011-10-04 03:49:24", "object_repr": "Almased 500 g", "object_id": "339", "change_message": "", "user": 1, "content_type": 11}}, {"pk": 284, "model": "admin.logentry", "fields": {"action_flag": 3, "action_time": "2011-10-04 03:49:24", "object_repr": "Flosteron amp.", "object_id": "338", "change_message": "", "user": 1, "content_type": 11}}, {"pk": 283, "model": "admin.logentry", "fields": {"action_flag": 3, "action_time": "2011-10-04 03:49:24", "object_repr": "Rechtsregulat 350 ml", "object_id": "337", "change_message": "", "user": 1, "content_type": 11}}, {"pk": 282, "model": "admin.logentry", "fields": {"action_flag": 3, "action_time": "2011-10-04 03:49:24", "object_repr": "Volon A 40 mg", "object_id": "336", "change_message": "", "user": 1, "content_type": 11}}, {"pk": 281, "model": "admin.logentry", "fields": {"action_flag": 3, "action_time": "2011-10-04 03:49:24", "object_repr": "Diprostene 1 ml", "object_id": "335", "change_message": "", "user": 1, "content_type": 11}}, {"pk": 280, "model": "admin.logentry", "fields": {"action_flag": 3, "action_time": "2011-10-04 03:49:24", "object_repr": "Tylenol 100 st", "object_id": "334", "change_message": "", "user": 1, "content_type": 11}}, {"pk": 279, "model": "admin.logentry", "fields": {"action_flag": 3, "action_time": "2011-10-04 03:49:24", "object_repr": "Catacol AT 10 ml", "object_id": "333", "change_message": "", "user": 1, "content_type": 11}}, {"pk": 278, "model": "admin.logentry", "fields": {"action_flag": 3, "action_time": "2011-10-04 03:49:24", "object_repr": "Plaquenil 200 mg", "object_id": "331", "change_message": "", "user": 1, "content_type": 11}}, {"pk": 277, "model": "admin.logentry", "fields": {"action_flag": 3, "action_time": "2011-10-04 03:49:24", "object_repr": "Aldactone 25 mg", "object_id": "329", "change_message": "", "user": 1, "content_type": 11}}, {"pk": 276, "model": "admin.logentry", "fields": {"action_flag": 3, "action_time": "2011-10-04 03:49:24", "object_repr": "Propranolol bez ambalaze", "object_id": "328", "change_message": "", "user": 1, "content_type": 11}}, {"pk": 275, "model": "admin.logentry", "fields": {"action_flag": 3, "action_time": "2011-10-04 03:49:24", "object_repr": "Quinax bez ambalaze", "object_id": "327", "change_message": "", "user": 1, "content_type": 11}}, {"pk": 274, "model": "admin.logentry", "fields": {"action_flag": 3, "action_time": "2011-10-04 03:49:24", "object_repr": "Atropin Sulfat 1%", "object_id": "326", "change_message": "", "user": 1, "content_type": 11}}, {"pk": 273, "model": "admin.logentry", "fields": {"action_flag": 3, "action_time": "2011-10-04 03:49:24", "object_repr": "Atropin Sulfat 0,5 %", "object_id": "325", "change_message": "", "user": 1, "content_type": 11}}, {"pk": 272, "model": "admin.logentry", "fields": {"action_flag": 3, "action_time": "2011-10-04 03:49:24", "object_repr": "Dexagel", "object_id": "324", "change_message": "", "user": 1, "content_type": 11}}, {"pk": 271, "model": "admin.logentry", "fields": {"action_flag": 3, "action_time": "2011-10-04 03:49:24", "object_repr": "Pigmanorm Creme", "object_id": "323", "change_message": "", "user": 1, "content_type": 11}}, {"pk": 270, "model": "admin.logentry", "fields": {"action_flag": 3, "action_time": "2011-10-04 03:49:24", "object_repr": "Ficotril Augensalbe 0,5 %", "object_id": "322", "change_message": "", "user": 1, "content_type": 11}}, {"pk": 269, "model": "admin.logentry", "fields": {"action_flag": 3, "action_time": "2011-10-04 03:49:24", "object_repr": "Floxapen 500 mg", "object_id": "321", "change_message": "", "user": 1, "content_type": 11}}, {"pk": 268, "model": "admin.logentry", "fields": {"action_flag": 3, "action_time": "2011-10-04 03:49:24", "object_repr": "Systane balance AT 10 ml", "object_id": "320", "change_message": "", "user": 1, "content_type": 11}}, {"pk": 267, "model": "admin.logentry", "fields": {"action_flag": 3, "action_time": "2011-10-04 03:49:24", "object_repr": "Linola Sept Creme", "object_id": "319", "change_message": "", "user": 1, "content_type": 11}}, {"pk": 266, "model": "admin.logentry", "fields": {"action_flag": 3, "action_time": "2011-10-04 03:49:24", "object_repr": "Fucidine Creme", "object_id": "318", "change_message": "", "user": 1, "content_type": 11}}, {"pk": 265, "model": "admin.logentry", "fields": {"action_flag": 3, "action_time": "2011-10-04 03:49:24", "object_repr": "Zactoline Creme", "object_id": "317", "change_message": "", "user": 1, "content_type": 11}}, {"pk": 264, "model": "admin.logentry", "fields": {"action_flag": 3, "action_time": "2011-10-04 03:49:24", "object_repr": "Guttaplast 1 st", "object_id": "316", "change_message": "", "user": 1, "content_type": 11}}, {"pk": 263, "model": "admin.logentry", "fields": {"action_flag": 3, "action_time": "2011-10-04 03:49:24", "object_repr": "Clarelux Schaum", "object_id": "315", "change_message": "", "user": 1, "content_type": 11}}, {"pk": 262, "model": "admin.logentry", "fields": {"action_flag": 3, "action_time": "2011-10-04 03:49:24", "object_repr": "Zineryt Losung", "object_id": "314", "change_message": "", "user": 1, "content_type": 11}}, {"pk": 261, "model": "admin.logentry", "fields": {"action_flag": 3, "action_time": "2011-10-04 03:49:24", "object_repr": "Physiogel A.I. Lotion", "object_id": "313", "change_message": "", "user": 1, "content_type": 11}}, {"pk": 260, "model": "admin.logentry", "fields": {"action_flag": 3, "action_time": "2011-10-04 03:49:24", "object_repr": "Physiogel A.I. Creme", "object_id": "312", "change_message": "", "user": 1, "content_type": 11}}, {"pk": 259, "model": "admin.logentry", "fields": {"action_flag": 3, "action_time": "2011-10-04 03:49:24", "object_repr": "Dermasence Zincutan Schaum", "object_id": "311", "change_message": "", "user": 1, "content_type": 11}}, {"pk": 258, "model": "admin.logentry", "fields": {"action_flag": 3, "action_time": "2011-10-04 03:49:24", "object_repr": "Widmer Efadermin Salbe", "object_id": "310", "change_message": "", "user": 1, "content_type": 11}}, {"pk": 257, "model": "admin.logentry", "fields": {"action_flag": 3, "action_time": "2011-10-04 03:49:24", "object_repr": "Airol Losung", "object_id": "309", "change_message": "", "user": 1, "content_type": 11}}, {"pk": 256, "model": "admin.logentry", "fields": {"action_flag": 3, "action_time": "2011-10-04 03:49:24", "object_repr": "Infectodell Losung", "object_id": "308", "change_message": "", "user": 1, "content_type": 11}}, {"pk": 255, "model": "admin.logentry", "fields": {"action_flag": 3, "action_time": "2011-10-04 03:49:24", "object_repr": "Duac Akne Gel", "object_id": "307", "change_message": "", "user": 1, "content_type": 11}}, {"pk": 254, "model": "admin.logentry", "fields": {"action_flag": 3, "action_time": "2011-10-04 03:49:24", "object_repr": "Laticort 0,1% Salbe", "object_id": "306", "change_message": "", "user": 1, "content_type": 11}}, {"pk": 253, "model": "admin.logentry", "fields": {"action_flag": 3, "action_time": "2011-10-04 03:49:24", "object_repr": "Laticort 0,1% Crema", "object_id": "305", "change_message": "", "user": 1, "content_type": 11}}, {"pk": 252, "model": "admin.logentry", "fields": {"action_flag": 3, "action_time": "2011-10-04 03:49:24", "object_repr": "Skinoren Gel 15 %", "object_id": "304", "change_message": "", "user": 1, "content_type": 11}}, {"pk": 251, "model": "admin.logentry", "fields": {"action_flag": 3, "action_time": "2011-10-04 03:49:24", "object_repr": "Protopic 0,03 % Salbe", "object_id": "303", "change_message": "", "user": 1, "content_type": 11}}, {"pk": 250, "model": "admin.logentry", "fields": {"action_flag": 3, "action_time": "2011-10-04 03:49:24", "object_repr": "Protopic 0,1 % Salbe", "object_id": "302", "change_message": "", "user": 1, "content_type": 11}}, {"pk": 249, "model": "admin.logentry", "fields": {"action_flag": 3, "action_time": "2011-10-04 03:49:24", "object_repr": "Bepanthen 10 g dr. Tafra", "object_id": "301", "change_message": "", "user": 1, "content_type": 11}}, {"pk": 248, "model": "admin.logentry", "fields": {"action_flag": 3, "action_time": "2011-10-04 03:49:24", "object_repr": "Bepanthen 5 g dr. Tafra", "object_id": "300", "change_message": "", "user": 1, "content_type": 11}}, {"pk": 247, "model": "admin.logentry", "fields": {"action_flag": 3, "action_time": "2011-10-04 03:49:24", "object_repr": "Voltaren Ophta AT 5 ml", "object_id": "299", "change_message": "", "user": 1, "content_type": 11}}, {"pk": 246, "model": "admin.logentry", "fields": {"action_flag": 3, "action_time": "2011-10-04 03:49:24", "object_repr": "Blephasol Lotio 100 ml", "object_id": "298", "change_message": "", "user": 1, "content_type": 11}}, {"pk": 245, "model": "admin.logentry", "fields": {"action_flag": 3, "action_time": "2011-10-04 03:49:24", "object_repr": "Gentamycin AT 5 ml", "object_id": "297", "change_message": "", "user": 1, "content_type": 11}}, {"pk": 244, "model": "admin.logentry", "fields": {"action_flag": 3, "action_time": "2011-10-04 03:49:24", "object_repr": "Gentamycin AG 5g", "object_id": "296", "change_message": "", "user": 1, "content_type": 11}}, {"pk": 243, "model": "admin.logentry", "fields": {"action_flag": 3, "action_time": "2011-10-04 03:49:24", "object_repr": "Dexa-Gentamycin Kombi", "object_id": "295", "change_message": "", "user": 1, "content_type": 11}}, {"pk": 242, "model": "admin.logentry", "fields": {"action_flag": 3, "action_time": "2011-10-04 03:49:24", "object_repr": "Brunac 5% AT", "object_id": "294", "change_message": "", "user": 1, "content_type": 11}}, {"pk": 241, "model": "admin.logentry", "fields": {"action_flag": 3, "action_time": "2011-10-04 03:49:24", "object_repr": "Denorex mali", "object_id": "293", "change_message": "", "user": 1, "content_type": 11}}, {"pk": 240, "model": "admin.logentry", "fields": {"action_flag": 3, "action_time": "2011-10-04 03:49:24", "object_repr": "Oki 80 mg", "object_id": "292", "change_message": "", "user": 1, "content_type": 11}}, {"pk": 239, "model": "admin.logentry", "fields": {"action_flag": 3, "action_time": "2011-10-04 03:49:24", "object_repr": "Excedrin Migraine", "object_id": "291", "change_message": "", "user": 1, "content_type": 11}}, {"pk": 238, "model": "admin.logentry", "fields": {"action_flag": 3, "action_time": "2011-10-04 03:49:24", "object_repr": "Armour Thyroid 60 mg", "object_id": "290", "change_message": "", "user": 1, "content_type": 11}}, {"pk": 237, "model": "admin.logentry", "fields": {"action_flag": 3, "action_time": "2011-10-04 03:49:24", "object_repr": "Emser Nasendusche", "object_id": "289", "change_message": "", "user": 1, "content_type": 11}}, {"pk": 236, "model": "admin.logentry", "fields": {"action_flag": 3, "action_time": "2011-10-04 03:49:24", "object_repr": "Cafergot 2 mg+100 mg supp", "object_id": "288", "change_message": "", "user": 1, "content_type": 11}}, {"pk": 235, "model": "admin.logentry", "fields": {"action_flag": 3, "action_time": "2011-10-04 03:49:24", "object_repr": "Clomid 50 mg", "object_id": "287", "change_message": "", "user": 1, "content_type": 11}}, {"pk": 234, "model": "admin.logentry", "fields": {"action_flag": 3, "action_time": "2011-10-04 03:49:24", "object_repr": "Fibrase 50 mg", "object_id": "286", "change_message": "", "user": 1, "content_type": 11}}, {"pk": 233, "model": "admin.logentry", "fields": {"action_flag": 3, "action_time": "2011-10-04 03:49:24", "object_repr": "Alfa", "object_id": "285", "change_message": "", "user": 1, "content_type": 11}}, {"pk": 232, "model": "admin.logentry", "fields": {"action_flag": 3, "action_time": "2011-10-04 03:49:24", "object_repr": "A.T.losung 90 ml", "object_id": "284", "change_message": "", "user": 1, "content_type": 11}}, {"pk": 231, "model": "admin.logentry", "fields": {"action_flag": 3, "action_time": "2011-10-04 03:49:24", "object_repr": "Microkl. Glicerolo", "object_id": "282", "change_message": "", "user": 1, "content_type": 11}}, {"pk": 230, "model": "admin.logentry", "fields": {"action_flag": 3, "action_time": "2011-10-04 03:49:24", "object_repr": "Cetrotide 0,25 mg", "object_id": "281", "change_message": "", "user": 1, "content_type": 11}}, {"pk": 229, "model": "admin.logentry", "fields": {"action_flag": 3, "action_time": "2011-10-04 03:49:24", "object_repr": "Armour Thyroid 30 mg", "object_id": "280", "change_message": "", "user": 1, "content_type": 11}}, {"pk": 228, "model": "admin.logentry", "fields": {"action_flag": 3, "action_time": "2011-10-04 03:49:24", "object_repr": "Intrafer Tropfen", "object_id": "279", "change_message": "", "user": 1, "content_type": 11}}, {"pk": 227, "model": "admin.logentry", "fields": {"action_flag": 3, "action_time": "2011-10-04 03:49:24", "object_repr": "Seldiar", "object_id": "278", "change_message": "", "user": 1, "content_type": 11}}, {"pk": 226, "model": "admin.logentry", "fields": {"action_flag": 3, "action_time": "2011-10-04 03:49:24", "object_repr": "Iruxol mast", "object_id": "276", "change_message": "", "user": 1, "content_type": 11}}, {"pk": 225, "model": "admin.logentry", "fields": {"action_flag": 3, "action_time": "2011-10-04 03:49:24", "object_repr": "Labetalol amp.5mg/ml", "object_id": "275", "change_message": "", "user": 1, "content_type": 11}}, {"pk": 224, "model": "admin.logentry", "fields": {"action_flag": 3, "action_time": "2011-10-04 03:49:24", "object_repr": "Phenylephrine amp.10mg/ml", "object_id": "274", "change_message": "", "user": 1, "content_type": 11}}, {"pk": 223, "model": "admin.logentry", "fields": {"action_flag": 3, "action_time": "2011-10-04 03:49:24", "object_repr": "Diprophos 1 ml Amp", "object_id": "273", "change_message": "", "user": 1, "content_type": 11}}, {"pk": 222, "model": "admin.logentry", "fields": {"action_flag": 3, "action_time": "2011-10-04 03:49:24", "object_repr": "Synvisc Amp", "object_id": "272", "change_message": "", "user": 1, "content_type": 11}}, {"pk": 221, "model": "admin.logentry", "fields": {"action_flag": 3, "action_time": "2011-10-04 03:49:24", "object_repr": "Infanrix IPV+HIB", "object_id": "271", "change_message": "", "user": 1, "content_type": 11}}, {"pk": 220, "model": "admin.logentry", "fields": {"action_flag": 3, "action_time": "2011-10-04 03:49:24", "object_repr": "Phenylephrin 1 % amp", "object_id": "270", "change_message": "", "user": 1, "content_type": 11}}, {"pk": 219, "model": "admin.logentry", "fields": {"action_flag": 3, "action_time": "2011-10-04 03:49:24", "object_repr": "Polygynax Vag. 6 kom", "object_id": "268", "change_message": "", "user": 1, "content_type": 11}}, {"pk": 218, "model": "admin.logentry", "fields": {"action_flag": 3, "action_time": "2011-10-04 03:49:24", "object_repr": "Bengay ultra stranght", "object_id": "267", "change_message": "", "user": 1, "content_type": 11}}, {"pk": 217, "model": "admin.logentry", "fields": {"action_flag": 3, "action_time": "2011-10-04 03:49:24", "object_repr": "Propranolol 40 mg", "object_id": "266", "change_message": "", "user": 1, "content_type": 11}}, {"pk": 216, "model": "admin.logentry", "fields": {"action_flag": 3, "action_time": "2011-10-04 03:49:24", "object_repr": "Suprefact spray", "object_id": "265", "change_message": "", "user": 1, "content_type": 11}}, {"pk": 215, "model": "admin.logentry", "fields": {"action_flag": 3, "action_time": "2011-10-04 03:49:24", "object_repr": "Pancillin 800 000 i.j.", "object_id": "264", "change_message": "", "user": 1, "content_type": 11}}, {"pk": 214, "model": "admin.logentry", "fields": {"action_flag": 3, "action_time": "2011-10-04 03:49:24", "object_repr": "Labetalol amp", "object_id": "263", "change_message": "", "user": 1, "content_type": 11}}, {"pk": 213, "model": "admin.logentry", "fields": {"action_flag": 3, "action_time": "2011-10-04 03:49:24", "object_repr": "Mexitil 200 mg 100 st", "object_id": "262", "change_message": "", "user": 1, "content_type": 11}}, {"pk": 212, "model": "admin.logentry", "fields": {"action_flag": 3, "action_time": "2011-10-04 03:49:24", "object_repr": "Catapresan 0,150 mg", "object_id": "260", "change_message": "", "user": 1, "content_type": 11}}, {"pk": 211, "model": "admin.logentry", "fields": {"action_flag": 3, "action_time": "2011-10-04 03:49:24", "object_repr": "Pankreoflat 50 drg", "object_id": "259", "change_message": "", "user": 1, "content_type": 11}}, {"pk": 210, "model": "admin.logentry", "fields": {"action_flag": 3, "action_time": "2011-10-04 03:49:24", "object_repr": "Ergenyl Chrono 250 mg", "object_id": "258", "change_message": "", "user": 1, "content_type": 11}}, {"pk": 209, "model": "admin.logentry", "fields": {"action_flag": 3, "action_time": "2011-10-04 03:49:24", "object_repr": "Aldometil 500 mg", "object_id": "257", "change_message": "", "user": 1, "content_type": 11}}, {"pk": 208, "model": "admin.logentry", "fields": {"action_flag": 3, "action_time": "2011-10-04 03:49:24", "object_repr": "Echovist 300", "object_id": "256", "change_message": "", "user": 1, "content_type": 11}}, {"pk": 207, "model": "admin.logentry", "fields": {"action_flag": 3, "action_time": "2011-10-04 03:49:24", "object_repr": "Mexitil 200 mg", "object_id": "255", "change_message": "", "user": 1, "content_type": 11}}, {"pk": 206, "model": "admin.logentry", "fields": {"action_flag": 3, "action_time": "2011-10-04 03:49:24", "object_repr": "Microklist 4 st", "object_id": "254", "change_message": "", "user": 1, "content_type": 11}}, {"pk": 205, "model": "admin.logentry", "fields": {"action_flag": 3, "action_time": "2011-10-04 03:49:24", "object_repr": "Multaq 400 mg", "object_id": "237", "change_message": "", "user": 1, "content_type": 11}}, {"pk": 204, "model": "admin.logentry", "fields": {"action_flag": 3, "action_time": "2011-10-04 03:49:24", "object_repr": "diamox 20 tbl.", "object_id": "235", "change_message": "", "user": 1, "content_type": 11}}, {"pk": 203, "model": "admin.logentry", "fields": {"action_flag": 3, "action_time": "2011-10-04 03:49:24", "object_repr": "Canesten lsg", "object_id": "226", "change_message": "", "user": 1, "content_type": 11}}, {"pk": 202, "model": "admin.logentry", "fields": {"action_flag": 3, "action_time": "2011-10-04 03:49:24", "object_repr": "Vaxygrip", "object_id": "225", "change_message": "", "user": 1, "content_type": 11}}, {"pk": 201, "model": "admin.logentry", "fields": {"action_flag": 3, "action_time": "2011-10-04 03:49:18", "object_repr": "Fluad Fertigspritze", "object_id": "219", "change_message": "", "user": 1, "content_type": 11}}, {"pk": 200, "model": "admin.logentry", "fields": {"action_flag": 3, "action_time": "2011-10-04 03:49:18", "object_repr": "Omnic Ocas 0,4 mg", "object_id": "216", "change_message": "", "user": 1, "content_type": 11}}, {"pk": 199, "model": "admin.logentry", "fields": {"action_flag": 3, "action_time": "2011-10-04 03:49:18", "object_repr": "Aldometil 250 mg", "object_id": "215", "change_message": "", "user": 1, "content_type": 11}}, {"pk": 198, "model": "admin.logentry", "fields": {"action_flag": 3, "action_time": "2011-10-04 03:49:18", "object_repr": "Voltaren dispers  20 tbl", "object_id": "209", "change_message": "", "user": 1, "content_type": 11}}, {"pk": 197, "model": "admin.logentry", "fields": {"action_flag": 3, "action_time": "2011-10-04 03:49:18", "object_repr": "Apilepsin", "object_id": "208", "change_message": "", "user": 1, "content_type": 11}}, {"pk": 196, "model": "admin.logentry", "fields": {"action_flag": 3, "action_time": "2011-10-04 03:49:18", "object_repr": "Natulan 50 mg", "object_id": "207", "change_message": "", "user": 1, "content_type": 11}}, {"pk": 195, "model": "admin.logentry", "fields": {"action_flag": 3, "action_time": "2011-10-04 03:49:18", "object_repr": "Moditen 1 mg", "object_id": "206", "change_message": "", "user": 1, "content_type": 11}}, {"pk": 194, "model": "admin.logentry", "fields": {"action_flag": 3, "action_time": "2011-10-04 03:49:18", "object_repr": "Hyalgan 20 mg / 2 ml", "object_id": "205", "change_message": "", "user": 1, "content_type": 11}}, {"pk": 193, "model": "admin.logentry", "fields": {"action_flag": 3, "action_time": "2011-10-04 03:49:18", "object_repr": "Navelbine 10 mg  Emra", "object_id": "203", "change_message": "", "user": 1, "content_type": 11}}, {"pk": 192, "model": "admin.logentry", "fields": {"action_flag": 3, "action_time": "2011-10-04 03:49:18", "object_repr": "Navelbine 10 mg", "object_id": "202", "change_message": "", "user": 1, "content_type": 11}}, {"pk": 191, "model": "admin.logentry", "fields": {"action_flag": 3, "action_time": "2011-10-04 03:49:18", "object_repr": "Cantabilin", "object_id": "201", "change_message": "", "user": 1, "content_type": 11}}, {"pk": 190, "model": "admin.logentry", "fields": {"action_flag": 3, "action_time": "2011-10-04 03:49:18", "object_repr": "Tardyferon Fol", "object_id": "200", "change_message": "", "user": 1, "content_type": 11}}, {"pk": 189, "model": "admin.logentry", "fields": {"action_flag": 3, "action_time": "2011-10-04 03:49:18", "object_repr": "Preductal MR", "object_id": "199", "change_message": "", "user": 1, "content_type": 11}}, {"pk": 188, "model": "admin.logentry", "fields": {"action_flag": 3, "action_time": "2011-10-04 03:49:18", "object_repr": "Lido Hyal B amp 2ml", "object_id": "198", "change_message": "", "user": 1, "content_type": 11}}, {"pk": 187, "model": "admin.logentry", "fields": {"action_flag": 3, "action_time": "2011-10-04 03:49:18", "object_repr": "Amphotericin B 50 mg", "object_id": "197", "change_message": "", "user": 1, "content_type": 11}}, {"pk": 186, "model": "admin.logentry", "fields": {"action_flag": 3, "action_time": "2011-10-04 03:49:18", "object_repr": "Esafosfina 10g/100ml", "object_id": "195", "change_message": "", "user": 1, "content_type": 11}}, {"pk": 185, "model": "admin.logentry", "fields": {"action_flag": 3, "action_time": "2011-10-04 03:49:18", "object_repr": "Avamigran", "object_id": "193", "change_message": "", "user": 1, "content_type": 11}}, {"pk": 184, "model": "admin.logentry", "fields": {"action_flag": 3, "action_time": "2011-10-04 03:49:18", "object_repr": "Utrogestan 100 mg", "object_id": "192", "change_message": "", "user": 1, "content_type": 11}}, {"pk": 183, "model": "admin.logentry", "fields": {"action_flag": 3, "action_time": "2011-10-04 03:49:18", "object_repr": "Saridon", "object_id": "191", "change_message": "", "user": 1, "content_type": 11}}, {"pk": 182, "model": "admin.logentry", "fields": {"action_flag": 3, "action_time": "2011-10-04 03:49:18", "object_repr": "Mysteclin Ovula 6st", "object_id": "190", "change_message": "", "user": 1, "content_type": 11}}, {"pk": 181, "model": "admin.logentry", "fields": {"action_flag": 3, "action_time": "2011-10-04 03:49:18", "object_repr": "Ditamin tbl", "object_id": "189", "change_message": "", "user": 1, "content_type": 11}}, {"pk": 180, "model": "admin.logentry", "fields": {"action_flag": 3, "action_time": "2011-10-04 03:49:18", "object_repr": "Sermion 10 mg  20 st", "object_id": "188", "change_message": "", "user": 1, "content_type": 11}}, {"pk": 179, "model": "admin.logentry", "fields": {"action_flag": 3, "action_time": "2011-10-04 03:49:18", "object_repr": "Tamiflu 75 mg kps", "object_id": "187", "change_message": "", "user": 1, "content_type": 11}}, {"pk": 178, "model": "admin.logentry", "fields": {"action_flag": 3, "action_time": "2011-10-04 03:49:18", "object_repr": "Vitamin B6 20 mg", "object_id": "185", "change_message": "", "user": 1, "content_type": 11}}, {"pk": 177, "model": "admin.logentry", "fields": {"action_flag": 3, "action_time": "2011-10-04 03:49:18", "object_repr": "Muscoflex 4 mg", "object_id": "181", "change_message": "", "user": 1, "content_type": 11}}, {"pk": 176, "model": "admin.logentry", "fields": {"action_flag": 3, "action_time": "2011-10-04 03:49:18", "object_repr": "Vagitorije sa kantarionovim uljem", "object_id": "180", "change_message": "", "user": 1, "content_type": 11}}, {"pk": 175, "model": "admin.logentry", "fields": {"action_flag": 3, "action_time": "2011-10-04 03:49:18", "object_repr": "Ozopulmin Adulti", "object_id": "179", "change_message": "", "user": 1, "content_type": 11}}, {"pk": 174, "model": "admin.logentry", "fields": {"action_flag": 3, "action_time": "2011-10-04 03:49:18", "object_repr": "Sintrom Austrija", "object_id": "178", "change_message": "", "user": 1, "content_type": 11}}, {"pk": 173, "model": "admin.logentry", "fields": {"action_flag": 3, "action_time": "2011-10-04 03:49:18", "object_repr": "Polygynax", "object_id": "177", "change_message": "", "user": 1, "content_type": 11}}, {"pk": 172, "model": "admin.logentry", "fields": {"action_flag": 3, "action_time": "2011-10-04 03:49:18", "object_repr": "gamalon", "object_id": "176", "change_message": "", "user": 1, "content_type": 11}}, {"pk": 171, "model": "admin.logentry", "fields": {"action_flag": 3, "action_time": "2011-10-04 03:49:18", "object_repr": "Furantoina sirup", "object_id": "175", "change_message": "", "user": 1, "content_type": 11}}, {"pk": 170, "model": "admin.logentry", "fields": {"action_flag": 3, "action_time": "2011-10-04 03:49:18", "object_repr": "Lariam 250 mg Italija", "object_id": "174", "change_message": "", "user": 1, "content_type": 11}}, {"pk": 169, "model": "admin.logentry", "fields": {"action_flag": 3, "action_time": "2011-10-04 03:49:18", "object_repr": "Testosteron depo 5x1 ml", "object_id": "172", "change_message": "", "user": 1, "content_type": 11}}, {"pk": 168, "model": "admin.logentry", "fields": {"action_flag": 3, "action_time": "2011-10-04 03:49:18", "object_repr": "Nomigren", "object_id": "171", "change_message": "", "user": 1, "content_type": 11}}, {"pk": 167, "model": "admin.logentry", "fields": {"action_flag": 3, "action_time": "2011-10-04 03:49:18", "object_repr": "Vitamin C Rot.Amp.", "object_id": "170", "change_message": "", "user": 1, "content_type": 11}}, {"pk": 166, "model": "admin.logentry", "fields": {"action_flag": 3, "action_time": "2011-10-04 03:49:18", "object_repr": "Vitamin B6 amp. RATIO", "object_id": "169", "change_message": "", "user": 1, "content_type": 11}}, {"pk": 165, "model": "admin.logentry", "fields": {"action_flag": 3, "action_time": "2011-10-04 03:49:18", "object_repr": "Vitamin B1 amp. RATIO", "object_id": "168", "change_message": "", "user": 1, "content_type": 11}}, {"pk": 164, "model": "admin.logentry", "fields": {"action_flag": 3, "action_time": "2011-10-04 03:49:18", "object_repr": "Vitadral 50 ml", "object_id": "167", "change_message": "", "user": 1, "content_type": 11}}, {"pk": 163, "model": "admin.logentry", "fields": {"action_flag": 3, "action_time": "2011-10-04 03:49:18", "object_repr": "Vidisic AG 3x10 g", "object_id": "166", "change_message": "", "user": 1, "content_type": 11}}, {"pk": 162, "model": "admin.logentry", "fields": {"action_flag": 3, "action_time": "2011-10-04 03:49:18", "object_repr": "Vidisic AG 10 g", "object_id": "165", "change_message": "", "user": 1, "content_type": 11}}, {"pk": 161, "model": "admin.logentry", "fields": {"action_flag": 3, "action_time": "2011-10-04 03:49:18", "object_repr": "Uro Tablinen 50 tbl", "object_id": "164", "change_message": "", "user": 1, "content_type": 11}}, {"pk": 160, "model": "admin.logentry", "fields": {"action_flag": 3, "action_time": "2011-10-04 03:49:18", "object_repr": "Toplomjer", "object_id": "163", "change_message": "", "user": 1, "content_type": 11}}, {"pk": 159, "model": "admin.logentry", "fields": {"action_flag": 3, "action_time": "2011-10-04 03:49:18", "object_repr": "Solcoseryl AG", "object_id": "162", "change_message": "", "user": 1, "content_type": 11}}, {"pk": 158, "model": "admin.logentry", "fields": {"action_flag": 3, "action_time": "2011-10-04 03:49:18", "object_repr": "Rowatinex 100", "object_id": "161", "change_message": "", "user": 1, "content_type": 11}}, {"pk": 157, "model": "admin.logentry", "fields": {"action_flag": 3, "action_time": "2011-10-04 03:49:18", "object_repr": "Rowachol 100", "object_id": "160", "change_message": "", "user": 1, "content_type": 11}}, {"pk": 156, "model": "admin.logentry", "fields": {"action_flag": 3, "action_time": "2011-10-04 03:49:18", "object_repr": "Reisetabletten", "object_id": "159", "change_message": "", "user": 1, "content_type": 11}}, {"pk": 155, "model": "admin.logentry", "fields": {"action_flag": 3, "action_time": "2011-10-04 03:49:18", "object_repr": "Ovestin Creme 50 g", "object_id": "158", "change_message": "", "user": 1, "content_type": 11}}, {"pk": 154, "model": "admin.logentry", "fields": {"action_flag": 3, "action_time": "2011-10-04 03:49:18", "object_repr": "Ortho-gynest vag.crem. 80 g", "object_id": "157", "change_message": "", "user": 1, "content_type": 11}}, {"pk": 153, "model": "admin.logentry", "fields": {"action_flag": 3, "action_time": "2011-10-04 03:49:18", "object_repr": "Nitrolingual kps", "object_id": "156", "change_message": "", "user": 1, "content_type": 11}}, {"pk": 152, "model": "admin.logentry", "fields": {"action_flag": 3, "action_time": "2011-10-04 03:49:18", "object_repr": "MOBILAT Salbe 100 g", "object_id": "155", "change_message": "", "user": 1, "content_type": 11}}, {"pk": 151, "model": "admin.logentry", "fields": {"action_flag": 3, "action_time": "2011-10-04 03:49:18", "object_repr": "Midro Tee 48 g", "object_id": "154", "change_message": "", "user": 1, "content_type": 11}}, {"pk": 150, "model": "admin.logentry", "fields": {"action_flag": 3, "action_time": "2011-10-04 03:49:18", "object_repr": "Methyldopa Stada 250 mg 100 st", "object_id": "153", "change_message": "", "user": 1, "content_type": 11}}, {"pk": 149, "model": "admin.logentry", "fields": {"action_flag": 3, "action_time": "2011-10-04 03:49:18", "object_repr": "Malarone", "object_id": "152", "change_message": "", "user": 1, "content_type": 11}}, {"pk": 148, "model": "admin.logentry", "fields": {"action_flag": 3, "action_time": "2011-10-04 03:49:18", "object_repr": "Kendural C", "object_id": "151", "change_message": "", "user": 1, "content_type": 11}}, {"pk": 147, "model": "admin.logentry", "fields": {"action_flag": 3, "action_time": "2011-10-04 03:49:18", "object_repr": "Hepa salbe 60000", "object_id": "150", "change_message": "", "user": 1, "content_type": 11}}, {"pk": 146, "model": "admin.logentry", "fields": {"action_flag": 3, "action_time": "2011-10-04 03:49:18", "object_repr": "Hepa salbe 30000", "object_id": "149", "change_message": "", "user": 1, "content_type": 11}}, {"pk": 145, "model": "admin.logentry", "fields": {"action_flag": 3, "action_time": "2011-10-04 03:49:18", "object_repr": "Hepa gel 60000", "object_id": "148", "change_message": "", "user": 1, "content_type": 11}}, {"pk": 144, "model": "admin.logentry", "fields": {"action_flag": 3, "action_time": "2011-10-04 03:49:18", "object_repr": "Hepa gel 30000", "object_id": "147", "change_message": "", "user": 1, "content_type": 11}}, {"pk": 143, "model": "admin.logentry", "fields": {"action_flag": 3, "action_time": "2011-10-04 03:49:18", "object_repr": "Gynodian depot 3 st", "object_id": "146", "change_message": "", "user": 1, "content_type": 11}}, {"pk": 142, "model": "admin.logentry", "fields": {"action_flag": 3, "action_time": "2011-10-04 03:49:18", "object_repr": "Grippostad c", "object_id": "145", "change_message": "", "user": 1, "content_type": 11}}, {"pk": 141, "model": "admin.logentry", "fields": {"action_flag": 3, "action_time": "2011-10-04 03:49:18", "object_repr": "Glandosane", "object_id": "144", "change_message": "", "user": 1, "content_type": 11}}, {"pk": 140, "model": "admin.logentry", "fields": {"action_flag": 3, "action_time": "2011-10-04 03:49:18", "object_repr": "Gaviscon Susp 200 ml", "object_id": "143", "change_message": "", "user": 1, "content_type": 11}}, {"pk": 139, "model": "admin.logentry", "fields": {"action_flag": 3, "action_time": "2011-10-04 03:49:18", "object_repr": "Finalgon extra salbe", "object_id": "142", "change_message": "", "user": 1, "content_type": 11}}, {"pk": 138, "model": "admin.logentry", "fields": {"action_flag": 3, "action_time": "2011-10-04 03:49:18", "object_repr": "Emla Creme + 2 Tegadermpf", "object_id": "141", "change_message": "", "user": 1, "content_type": 11}}, {"pk": 137, "model": "admin.logentry", "fields": {"action_flag": 3, "action_time": "2011-10-04 03:49:18", "object_repr": "Echovist 200", "object_id": "140", "change_message": "", "user": 1, "content_type": 11}}, {"pk": 136, "model": "admin.logentry", "fields": {"action_flag": 3, "action_time": "2011-10-04 03:49:18", "object_repr": "Dentinox gel", "object_id": "139", "change_message": "", "user": 1, "content_type": 11}}, {"pk": 135, "model": "admin.logentry", "fields": {"action_flag": 3, "action_time": "2011-10-04 03:49:18", "object_repr": "Cromoglicin Heumann Spray", "object_id": "138", "change_message": "", "user": 1, "content_type": 11}}, {"pk": 134, "model": "admin.logentry", "fields": {"action_flag": 3, "action_time": "2011-10-04 03:49:18", "object_repr": "Cromoglicin Heumann AT", "object_id": "137", "change_message": "", "user": 1, "content_type": 11}}, {"pk": 133, "model": "admin.logentry", "fields": {"action_flag": 3, "action_time": "2011-10-04 03:49:18", "object_repr": "Cornere gel 3x10 g", "object_id": "136", "change_message": "", "user": 1, "content_type": 11}}, {"pk": 132, "model": "admin.logentry", "fields": {"action_flag": 3, "action_time": "2011-10-04 03:49:18", "object_repr": "Cornere gel 10 g", "object_id": "135", "change_message": "", "user": 1, "content_type": 11}}, {"pk": 131, "model": "admin.logentry", "fields": {"action_flag": 3, "action_time": "2011-10-04 03:49:18", "object_repr": "Chloralhydrat Rectiole", "object_id": "134", "change_message": "", "user": 1, "content_type": 11}}, {"pk": 130, "model": "admin.logentry", "fields": {"action_flag": 3, "action_time": "2011-10-04 03:49:18", "object_repr": "Bepanthen salbe 10 g", "object_id": "133", "change_message": "", "user": 1, "content_type": 11}}, {"pk": 129, "model": "admin.logentry", "fields": {"action_flag": 3, "action_time": "2011-10-04 03:49:18", "object_repr": "Aspirin P 300 mg", "object_id": "132", "change_message": "", "user": 1, "content_type": 11}}, {"pk": 128, "model": "admin.logentry", "fields": {"action_flag": 3, "action_time": "2011-10-04 03:49:18", "object_repr": "Aspirin P 100 mg", "object_id": "131", "change_message": "", "user": 1, "content_type": 11}}, {"pk": 127, "model": "admin.logentry", "fields": {"action_flag": 3, "action_time": "2011-10-04 03:49:18", "object_repr": "Artane 2 mg", "object_id": "130", "change_message": "", "user": 1, "content_type": 11}}, {"pk": 126, "model": "admin.logentry", "fields": {"action_flag": 3, "action_time": "2011-10-04 03:49:18", "object_repr": "Antikataraktikum", "object_id": "129", "change_message": "", "user": 1, "content_type": 11}}, {"pk": 125, "model": "admin.logentry", "fields": {"action_flag": 3, "action_time": "2011-10-04 03:49:18", "object_repr": "Ajona", "object_id": "128", "change_message": "", "user": 1, "content_type": 11}}, {"pk": 124, "model": "admin.logentry", "fields": {"action_flag": 3, "action_time": "2011-10-04 03:49:18", "object_repr": "Agiolax Granulat", "object_id": "127", "change_message": "", "user": 1, "content_type": 11}}, {"pk": 123, "model": "admin.logentry", "fields": {"action_flag": 3, "action_time": "2011-10-04 03:49:18", "object_repr": "Actihaemyl", "object_id": "126", "change_message": "", "user": 1, "content_type": 11}}, {"pk": 122, "model": "admin.logentry", "fields": {"action_flag": 3, "action_time": "2011-10-04 03:49:18", "object_repr": "ABC Warme creme", "object_id": "125", "change_message": "", "user": 1, "content_type": 11}}, {"pk": 121, "model": "admin.logentry", "fields": {"action_flag": 3, "action_time": "2011-10-04 03:49:18", "object_repr": "ABC Hansaplast 2", "object_id": "124", "change_message": "", "user": 1, "content_type": 11}}, {"pk": 120, "model": "admin.logentry", "fields": {"action_flag": 3, "action_time": "2011-10-04 03:49:18", "object_repr": "ABC Hansaplast 1/1", "object_id": "123", "change_message": "", "user": 1, "content_type": 11}}, {"pk": 119, "model": "admin.logentry", "fields": {"action_flag": 3, "action_time": "2011-10-04 03:49:18", "object_repr": "Esperal 500 mg", "object_id": "122", "change_message": "", "user": 1, "content_type": 11}}, {"pk": 118, "model": "admin.logentry", "fields": {"action_flag": 3, "action_time": "2011-10-04 03:49:18", "object_repr": "Coumadin 2 mg Francuska", "object_id": "121", "change_message": "", "user": 1, "content_type": 11}}, {"pk": 117, "model": "admin.logentry", "fields": {"action_flag": 3, "action_time": "2011-10-04 03:49:18", "object_repr": "Vitamin A amp. 10x1 ml", "object_id": "120", "change_message": "", "user": 1, "content_type": 11}}, {"pk": 116, "model": "admin.logentry", "fields": {"action_flag": 3, "action_time": "2011-10-04 03:49:18", "object_repr": "Urodine tropfen", "object_id": "119", "change_message": "", "user": 1, "content_type": 11}}, {"pk": 115, "model": "admin.logentry", "fields": {"action_flag": 3, "action_time": "2011-10-04 03:49:18", "object_repr": "Zentel", "object_id": "118", "change_message": "", "user": 1, "content_type": 11}}, {"pk": 114, "model": "admin.logentry", "fields": {"action_flag": 3, "action_time": "2011-10-04 03:49:18", "object_repr": "Suprefact Spray ITALIJA", "object_id": "117", "change_message": "", "user": 1, "content_type": 11}}, {"pk": 113, "model": "admin.logentry", "fields": {"action_flag": 3, "action_time": "2011-10-04 03:49:18", "object_repr": "OZOPULMIN lattanti supp.", "object_id": "116", "change_message": "", "user": 1, "content_type": 11}}, {"pk": 112, "model": "admin.logentry", "fields": {"action_flag": 3, "action_time": "2011-10-04 03:49:18", "object_repr": "OZOPULMIN bambini supp.", "object_id": "115", "change_message": "", "user": 1, "content_type": 11}}, {"pk": 111, "model": "admin.logentry", "fields": {"action_flag": 3, "action_time": "2011-10-04 03:49:18", "object_repr": "Merbromina sol 30 ml", "object_id": "114", "change_message": "", "user": 1, "content_type": 11}}, {"pk": 110, "model": "admin.logentry", "fields": {"action_flag": 3, "action_time": "2011-10-04 03:49:18", "object_repr": "Largactil 100 mg 20 comp.", "object_id": "113", "change_message": "", "user": 1, "content_type": 11}}, {"pk": 109, "model": "admin.logentry", "fields": {"action_flag": 3, "action_time": "2011-10-04 03:49:18", "object_repr": "Lantigen B", "object_id": "112", "change_message": "", "user": 1, "content_type": 11}}, {"pk": 108, "model": "admin.logentry", "fields": {"action_flag": 3, "action_time": "2011-10-04 03:49:18", "object_repr": "Konakion tbl", "object_id": "111", "change_message": "", "user": 1, "content_type": 11}}, {"pk": 107, "model": "admin.logentry", "fields": {"action_flag": 3, "action_time": "2011-10-04 03:49:18", "object_repr": "De-Nol 120 mg 40 comp.", "object_id": "110", "change_message": "", "user": 1, "content_type": 11}}, {"pk": 106, "model": "admin.logentry", "fields": {"action_flag": 3, "action_time": "2011-10-04 03:49:18", "object_repr": "Coumadin 5 mg Italija", "object_id": "109", "change_message": "", "user": 1, "content_type": 11}}, {"pk": 105, "model": "admin.logentry", "fields": {"action_flag": 3, "action_time": "2011-10-04 03:49:18", "object_repr": "AULIN granulat", "object_id": "108", "change_message": "", "user": 1, "content_type": 11}}, {"pk": 104, "model": "admin.logentry", "fields": {"action_flag": 3, "action_time": "2011-10-04 03:49:18", "object_repr": "Skinceuticals 20 serum 30 ml", "object_id": "107", "change_message": "", "user": 1, "content_type": 11}}, {"pk": 103, "model": "admin.logentry", "fields": {"action_flag": 3, "action_time": "2011-10-04 03:49:18", "object_repr": "RESTASYS kapi 0,05% 32x0,4 ml", "object_id": "106", "change_message": "", "user": 1, "content_type": 11}}, {"pk": 102, "model": "admin.logentry", "fields": {"action_flag": 3, "action_time": "2011-10-04 03:49:18", "object_repr": "Racepinephrine Liq. 2,25%", "object_id": "105", "change_message": "", "user": 1, "content_type": 11}}, {"pk": 101, "model": "admin.logentry", "fields": {"action_flag": 3, "action_time": "2011-10-04 03:49:12", "object_repr": "Profibe powder 380 g", "object_id": "104", "change_message": "", "user": 1, "content_type": 11}}, {"pk": 100, "model": "admin.logentry", "fields": {"action_flag": 3, "action_time": "2011-10-04 03:49:12", "object_repr": "Omega 3.6.9 junior 90 st", "object_id": "103", "change_message": "", "user": 1, "content_type": 11}}, {"pk": 99, "model": "admin.logentry", "fields": {"action_flag": 3, "action_time": "2011-10-04 03:49:12", "object_repr": "Ocuvite", "object_id": "102", "change_message": "", "user": 1, "content_type": 11}}, {"pk": 98, "model": "admin.logentry", "fields": {"action_flag": 3, "action_time": "2011-10-04 03:49:12", "object_repr": "Nitro-Bid ointment 2% \u00e1 60 g", "object_id": "101", "change_message": "", "user": 1, "content_type": 11}}, {"pk": 97, "model": "admin.logentry", "fields": {"action_flag": 3, "action_time": "2011-10-04 03:49:12", "object_repr": "Nitro-Bid 30 g", "object_id": "100", "change_message": "", "user": 1, "content_type": 11}}, {"pk": 96, "model": "admin.logentry", "fields": {"action_flag": 3, "action_time": "2011-10-04 03:49:12", "object_repr": "MG 217 Lotion", "object_id": "99", "change_message": "", "user": 1, "content_type": 11}}, {"pk": 95, "model": "admin.logentry", "fields": {"action_flag": 3, "action_time": "2011-10-04 03:49:12", "object_repr": "Labetalol HCl injection 5 mg/ml", "object_id": "98", "change_message": "", "user": 1, "content_type": 11}}, {"pk": 94, "model": "admin.logentry", "fields": {"action_flag": 3, "action_time": "2011-10-04 03:49:12", "object_repr": "Esmolol HCl inj. 10x10 mg/ml", "object_id": "97", "change_message": "", "user": 1, "content_type": 11}}, {"pk": 93, "model": "admin.logentry", "fields": {"action_flag": 3, "action_time": "2011-10-04 03:49:12", "object_repr": "Denorex Veliki", "object_id": "96", "change_message": "", "user": 1, "content_type": 11}}, {"pk": 92, "model": "admin.logentry", "fields": {"action_flag": 3, "action_time": "2011-10-04 03:49:12", "object_repr": "Cellfood DNA/RNA spray 30 ml", "object_id": "95", "change_message": "", "user": 1, "content_type": 11}}, {"pk": 91, "model": "admin.logentry", "fields": {"action_flag": 3, "action_time": "2011-10-04 03:49:12", "object_repr": "Calcium-Magnesium caps. 180", "object_id": "94", "change_message": "", "user": 1, "content_type": 11}}, {"pk": 90, "model": "admin.logentry", "fields": {"action_flag": 3, "action_time": "2011-10-04 03:49:12", "object_repr": "      Asper cream", "object_id": "93", "change_message": "", "user": 1, "content_type": 11}}, {"pk": 89, "model": "admin.logentry", "fields": {"action_flag": 3, "action_time": "2011-10-04 03:49:12", "object_repr": "Verolax tbl", "object_id": "92", "change_message": "", "user": 1, "content_type": 11}}, {"pk": 88, "model": "admin.logentry", "fields": {"action_flag": 3, "action_time": "2011-10-04 03:49:12", "object_repr": "Ventolin inh.otop.", "object_id": "91", "change_message": "", "user": 1, "content_type": 11}}, {"pk": 87, "model": "admin.logentry", "fields": {"action_flag": 3, "action_time": "2011-10-04 03:49:12", "object_repr": "Venter tbl", "object_id": "90", "change_message": "", "user": 1, "content_type": 11}}, {"pk": 86, "model": "admin.logentry", "fields": {"action_flag": 3, "action_time": "2011-10-04 03:49:12", "object_repr": "Torecan supp", "object_id": "89", "change_message": "", "user": 1, "content_type": 11}}, {"pk": 85, "model": "admin.logentry", "fields": {"action_flag": 3, "action_time": "2011-10-04 03:49:12", "object_repr": "Torecan 6,5 mg", "object_id": "88", "change_message": "", "user": 1, "content_type": 11}}, {"pk": 84, "model": "admin.logentry", "fields": {"action_flag": 3, "action_time": "2011-10-04 03:49:12", "object_repr": "Tenzimet tbl", "object_id": "87", "change_message": "", "user": 1, "content_type": 11}}, {"pk": 83, "model": "admin.logentry", "fields": {"action_flag": 3, "action_time": "2011-10-04 03:49:12", "object_repr": "Tears Naturale 15 ml", "object_id": "86", "change_message": "", "user": 1, "content_type": 11}}, {"pk": 82, "model": "admin.logentry", "fields": {"action_flag": 3, "action_time": "2011-10-04 03:49:12", "object_repr": "Tametil", "object_id": "85", "change_message": "", "user": 1, "content_type": 11}}, {"pk": 81, "model": "admin.logentry", "fields": {"action_flag": 3, "action_time": "2011-10-04 03:49:12", "object_repr": "Stediril M", "object_id": "84", "change_message": "", "user": 1, "content_type": 11}}, {"pk": 80, "model": "admin.logentry", "fields": {"action_flag": 3, "action_time": "2011-10-04 03:49:12", "object_repr": "Rivotril 2 mg 30 tbl SLOVENIJA", "object_id": "83", "change_message": "", "user": 1, "content_type": 11}}, {"pk": 79, "model": "admin.logentry", "fields": {"action_flag": 3, "action_time": "2011-10-04 03:49:12", "object_repr": "Rivotril 0,5 mg 50 tbl SLOVENIJA", "object_id": "82", "change_message": "", "user": 1, "content_type": 11}}, {"pk": 78, "model": "admin.logentry", "fields": {"action_flag": 3, "action_time": "2011-10-04 03:49:12", "object_repr": "Redergin kapi", "object_id": "81", "change_message": "", "user": 1, "content_type": 11}}, {"pk": 77, "model": "admin.logentry", "fields": {"action_flag": 3, "action_time": "2011-10-04 03:49:12", "object_repr": "Redergin 4,5 mg", "object_id": "80", "change_message": "", "user": 1, "content_type": 11}}, {"pk": 76, "model": "admin.logentry", "fields": {"action_flag": 3, "action_time": "2011-10-04 03:49:12", "object_repr": "Redergin 1,5 mg", "object_id": "79", "change_message": "", "user": 1, "content_type": 11}}, {"pk": 75, "model": "admin.logentry", "fields": {"action_flag": 3, "action_time": "2011-10-04 03:49:12", "object_repr": "Quinax kapi", "object_id": "78", "change_message": "", "user": 1, "content_type": 11}}, {"pk": 74, "model": "admin.logentry", "fields": {"action_flag": 3, "action_time": "2011-10-04 03:49:12", "object_repr": "Puri - nethol 50 mg", "object_id": "77", "change_message": "", "user": 1, "content_type": 11}}, {"pk": 73, "model": "admin.logentry", "fields": {"action_flag": 3, "action_time": "2011-10-04 03:49:12", "object_repr": "Propomed C pastile", "object_id": "76", "change_message": "", "user": 1, "content_type": 11}}, {"pk": 72, "model": "admin.logentry", "fields": {"action_flag": 3, "action_time": "2011-10-04 03:49:12", "object_repr": "Plavix tbl", "object_id": "75", "change_message": "", "user": 1, "content_type": 11}}, {"pk": 71, "model": "admin.logentry", "fields": {"action_flag": 3, "action_time": "2011-10-04 03:49:12", "object_repr": "Omnic kps", "object_id": "74", "change_message": "", "user": 1, "content_type": 11}}, {"pk": 70, "model": "admin.logentry", "fields": {"action_flag": 3, "action_time": "2011-10-04 03:49:12", "object_repr": "Naklofen duo 75 mg", "object_id": "73", "change_message": "", "user": 1, "content_type": 11}}, {"pk": 69, "model": "admin.logentry", "fields": {"action_flag": 3, "action_time": "2011-10-04 03:49:12", "object_repr": "Modolex mast", "object_id": "72", "change_message": "", "user": 1, "content_type": 11}}, {"pk": 68, "model": "admin.logentry", "fields": {"action_flag": 3, "action_time": "2011-10-04 03:49:12", "object_repr": "Leukeran 2 mg 25 tbl (SLO)", "object_id": "70", "change_message": "", "user": 1, "content_type": 11}}, {"pk": 67, "model": "admin.logentry", "fields": {"action_flag": 3, "action_time": "2011-10-04 03:49:12", "object_repr": "Lasix tbl", "object_id": "69", "change_message": "", "user": 1, "content_type": 11}}, {"pk": 66, "model": "admin.logentry", "fields": {"action_flag": 3, "action_time": "2011-10-04 03:49:12", "object_repr": "Lacryvisc gel 10 g", "object_id": "68", "change_message": "", "user": 1, "content_type": 11}}, {"pk": 65, "model": "admin.logentry", "fields": {"action_flag": 3, "action_time": "2011-10-04 03:49:12", "object_repr": "Flixonase SLO", "object_id": "66", "change_message": "", "user": 1, "content_type": 11}}, {"pk": 64, "model": "admin.logentry", "fields": {"action_flag": 3, "action_time": "2011-10-04 03:49:12", "object_repr": "Doxilex kps 500 mg", "object_id": "65", "change_message": "", "user": 1, "content_type": 11}}, {"pk": 63, "model": "admin.logentry", "fields": {"action_flag": 3, "action_time": "2011-10-04 03:49:12", "object_repr": "Dicynone tbl 30x250 mg", "object_id": "63", "change_message": "", "user": 1, "content_type": 11}}, {"pk": 62, "model": "admin.logentry", "fields": {"action_flag": 3, "action_time": "2011-10-04 03:49:12", "object_repr": "Cyclo-Proginova", "object_id": "62", "change_message": "", "user": 1, "content_type": 11}}, {"pk": 61, "model": "admin.logentry", "fields": {"action_flag": 3, "action_time": "2011-10-04 03:49:12", "object_repr": "Cialis 20 mg 4 tbl", "object_id": "61", "change_message": "", "user": 1, "content_type": 11}}, {"pk": 60, "model": "admin.logentry", "fields": {"action_flag": 3, "action_time": "2011-10-04 03:49:12", "object_repr": "Bilobil kps", "object_id": "60", "change_message": "", "user": 1, "content_type": 11}}, {"pk": 59, "model": "admin.logentry", "fields": {"action_flag": 3, "action_time": "2011-10-04 03:49:12", "object_repr": "Angised tbl 100x0,5 mg", "object_id": "59", "change_message": "", "user": 1, "content_type": 11}}, {"pk": 58, "model": "admin.logentry", "fields": {"action_flag": 3, "action_time": "2011-10-04 03:49:12", "object_repr": "Alkeran tbl 25x2 mg", "object_id": "58", "change_message": "", "user": 1, "content_type": 11}}, {"pk": 57, "model": "admin.logentry", "fields": {"action_flag": 3, "action_time": "2011-10-04 03:49:12", "object_repr": "Aldara 5% krema slovenska", "object_id": "57", "change_message": "", "user": 1, "content_type": 11}}, {"pk": 56, "model": "admin.logentry", "fields": {"action_flag": 3, "action_time": "2011-10-04 03:49:12", "object_repr": "Aldactone 50 mg SLO 20 st", "object_id": "56", "change_message": "", "user": 1, "content_type": 11}}, {"pk": 55, "model": "admin.logentry", "fields": {"action_flag": 3, "action_time": "2011-10-04 03:49:12", "object_repr": "Adavin 10 mg", "object_id": "55", "change_message": "", "user": 1, "content_type": 11}}, {"pk": 54, "model": "admin.logentry", "fields": {"action_flag": 3, "action_time": "2011-10-04 03:49:12", "object_repr": "Zyrtec Losung", "object_id": "54", "change_message": "", "user": 1, "content_type": 11}}, {"pk": 53, "model": "admin.logentry", "fields": {"action_flag": 3, "action_time": "2011-10-04 03:49:12", "object_repr": "Zoroxin AT", "object_id": "53", "change_message": "", "user": 1, "content_type": 11}}, {"pk": 52, "model": "admin.logentry", "fields": {"action_flag": 3, "action_time": "2011-10-04 03:49:12", "object_repr": "Volon A 10 mg", "object_id": "52", "change_message": "", "user": 1, "content_type": 11}}, {"pk": 51, "model": "admin.logentry", "fields": {"action_flag": 3, "action_time": "2011-10-04 03:49:12", "object_repr": "Verumal lot 13 ml", "object_id": "51", "change_message": "", "user": 1, "content_type": 11}}, {"pk": 50, "model": "admin.logentry", "fields": {"action_flag": 3, "action_time": "2011-10-04 03:49:12", "object_repr": "Uralyt U granulat", "object_id": "50", "change_message": "", "user": 1, "content_type": 11}}, {"pk": 49, "model": "admin.logentry", "fields": {"action_flag": 3, "action_time": "2011-10-04 03:49:12", "object_repr": "Unichol", "object_id": "49", "change_message": "", "user": 1, "content_type": 11}}, {"pk": 48, "model": "admin.logentry", "fields": {"action_flag": 3, "action_time": "2011-10-04 03:49:12", "object_repr": "Thrombo ASS 100 mg", "object_id": "48", "change_message": "", "user": 1, "content_type": 11}}, {"pk": 47, "model": "admin.logentry", "fields": {"action_flag": 3, "action_time": "2011-10-04 03:49:12", "object_repr": "Thiamazol 20 mg 50 tbl", "object_id": "47", "change_message": "", "user": 1, "content_type": 11}}, {"pk": 46, "model": "admin.logentry", "fields": {"action_flag": 3, "action_time": "2011-10-04 03:49:12", "object_repr": "Sintrom", "object_id": "46", "change_message": "", "user": 1, "content_type": 11}}, {"pk": 45, "model": "admin.logentry", "fields": {"action_flag": 3, "action_time": "2011-10-04 03:49:12", "object_repr": "Sibelium 10 mg", "object_id": "45", "change_message": "", "user": 1, "content_type": 11}}, {"pk": 44, "model": "admin.logentry", "fields": {"action_flag": 3, "action_time": "2011-10-04 03:49:12", "object_repr": "Selsun Med.Shampoo 120 ml", "object_id": "44", "change_message": "", "user": 1, "content_type": 11}}, {"pk": 43, "model": "admin.logentry", "fields": {"action_flag": 3, "action_time": "2011-10-04 03:49:12", "object_repr": "Rheumesser 3x3 ml amp.", "object_id": "43", "change_message": "", "user": 1, "content_type": 11}}, {"pk": 42, "model": "admin.logentry", "fields": {"action_flag": 3, "action_time": "2011-10-04 03:49:12", "object_repr": "Resochin tbl", "object_id": "42", "change_message": "", "user": 1, "content_type": 11}}, {"pk": 41, "model": "admin.logentry", "fields": {"action_flag": 3, "action_time": "2011-10-04 03:49:12", "object_repr": "Pilocarpin 2% 10 ml austrijski", "object_id": "41", "change_message": "", "user": 1, "content_type": 11}}, {"pk": 40, "model": "admin.logentry", "fields": {"action_flag": 3, "action_time": "2011-10-04 03:49:12", "object_repr": "Pilocarpin 1% AT 10 ml", "object_id": "40", "change_message": "", "user": 1, "content_type": 11}}, {"pk": 39, "model": "admin.logentry", "fields": {"action_flag": 3, "action_time": "2011-10-04 03:49:12", "object_repr": "Patentex Oval Ovula 12 st", "object_id": "39", "change_message": "", "user": 1, "content_type": 11}}, {"pk": 38, "model": "admin.logentry", "fields": {"action_flag": 3, "action_time": "2011-10-04 03:49:12", "object_repr": "Oleovit D3 Tropfen", "object_id": "38", "change_message": "", "user": 1, "content_type": 11}}, {"pk": 37, "model": "admin.logentry", "fields": {"action_flag": 3, "action_time": "2011-10-04 03:49:12", "object_repr": "Oleovit Augensalbe", "object_id": "37", "change_message": "", "user": 1, "content_type": 11}}, {"pk": 36, "model": "admin.logentry", "fields": {"action_flag": 3, "action_time": "2011-10-04 03:49:12", "object_repr": "Neurobion F 20 tbl", "object_id": "36", "change_message": "", "user": 1, "content_type": 11}}, {"pk": 35, "model": "admin.logentry", "fields": {"action_flag": 3, "action_time": "2011-10-04 03:49:12", "object_repr": "Neurobion F 100 tbl", "object_id": "35", "change_message": "", "user": 1, "content_type": 11}}, {"pk": 34, "model": "admin.logentry", "fields": {"action_flag": 3, "action_time": "2011-10-04 03:49:12", "object_repr": "Neurobion Amp", "object_id": "34", "change_message": "", "user": 1, "content_type": 11}}, {"pk": 33, "model": "admin.logentry", "fields": {"action_flag": 3, "action_time": "2011-10-04 03:49:12", "object_repr": "Minostad 50 mg 30 kps", "object_id": "33", "change_message": "", "user": 1, "content_type": 11}}, {"pk": 32, "model": "admin.logentry", "fields": {"action_flag": 3, "action_time": "2011-10-04 03:49:12", "object_repr": "Lariam 250 mg", "object_id": "32", "change_message": "", "user": 1, "content_type": 11}}, {"pk": 31, "model": "admin.logentry", "fields": {"action_flag": 3, "action_time": "2011-10-04 03:49:12", "object_repr": "Hepavit 2500", "object_id": "31", "change_message": "", "user": 1, "content_type": 11}}, {"pk": 30, "model": "admin.logentry", "fields": {"action_flag": 3, "action_time": "2011-10-04 03:49:12", "object_repr": "Hadensa supp \u00e1 12 st", "object_id": "30", "change_message": "", "user": 1, "content_type": 11}}, {"pk": 29, "model": "admin.logentry", "fields": {"action_flag": 3, "action_time": "2011-10-04 03:49:12", "object_repr": "Hadensa salbe 42 g", "object_id": "29", "change_message": "", "user": 1, "content_type": 11}}, {"pk": 28, "model": "admin.logentry", "fields": {"action_flag": 3, "action_time": "2011-10-04 03:49:12", "object_repr": "Gentax AT 5 ml", "object_id": "28", "change_message": "", "user": 1, "content_type": 11}}, {"pk": 27, "model": "admin.logentry", "fields": {"action_flag": 3, "action_time": "2011-10-04 03:49:12", "object_repr": "Eudyna Creme", "object_id": "27", "change_message": "", "user": 1, "content_type": 11}}, {"pk": 26, "model": "admin.logentry", "fields": {"action_flag": 3, "action_time": "2011-10-04 03:49:12", "object_repr": "Essentiale F 100 tbl", "object_id": "26", "change_message": "", "user": 1, "content_type": 11}}, {"pk": 25, "model": "admin.logentry", "fields": {"action_flag": 3, "action_time": "2011-10-04 03:49:12", "object_repr": "Eryaknen 4% Gel 30 g", "object_id": "25", "change_message": "", "user": 1, "content_type": 11}}, {"pk": 24, "model": "admin.logentry", "fields": {"action_flag": 3, "action_time": "2011-10-04 03:49:12", "object_repr": "Doderline", "object_id": "24", "change_message": "", "user": 1, "content_type": 11}}, {"pk": 23, "model": "admin.logentry", "fields": {"action_flag": 3, "action_time": "2011-10-04 03:49:12", "object_repr": "Diferin Gel", "object_id": "23", "change_message": "", "user": 1, "content_type": 11}}, {"pk": 22, "model": "admin.logentry", "fields": {"action_flag": 3, "action_time": "2011-10-04 03:49:12", "object_repr": "Diamox 100 tbl", "object_id": "22", "change_message": "", "user": 1, "content_type": 11}}, {"pk": 21, "model": "admin.logentry", "fields": {"action_flag": 3, "action_time": "2011-10-04 03:49:12", "object_repr": "Depakine Chrono 50 mg", "object_id": "21", "change_message": "", "user": 1, "content_type": 11}}, {"pk": 20, "model": "admin.logentry", "fields": {"action_flag": 3, "action_time": "2011-10-04 03:49:12", "object_repr": "Depakine Chrono 250 mg Ret", "object_id": "20", "change_message": "", "user": 1, "content_type": 11}}, {"pk": 19, "model": "admin.logentry", "fields": {"action_flag": 3, "action_time": "2011-10-04 03:49:12", "object_repr": "Colchicin tbl.", "object_id": "19", "change_message": "", "user": 1, "content_type": 11}}, {"pk": 18, "model": "admin.logentry", "fields": {"action_flag": 3, "action_time": "2011-10-04 03:49:12", "object_repr": "Ciloxan 5 ml Aus.", "object_id": "18", "change_message": "", "user": 1, "content_type": 11}}, {"pk": 17, "model": "admin.logentry", "fields": {"action_flag": 3, "action_time": "2011-10-04 03:49:12", "object_repr": "Broncho-Vaxom 7 mg", "object_id": "17", "change_message": "", "user": 1, "content_type": 11}}, {"pk": 16, "model": "admin.logentry", "fields": {"action_flag": 3, "action_time": "2011-10-04 03:49:12", "object_repr": "Broncho-Vaxom 3,5 mg", "object_id": "16", "change_message": "", "user": 1, "content_type": 11}}, {"pk": 15, "model": "admin.logentry", "fields": {"action_flag": 3, "action_time": "2011-10-04 03:49:12", "object_repr": "Benzaknen 5% gel 30 g", "object_id": "15", "change_message": "", "user": 1, "content_type": 11}}, {"pk": 14, "model": "admin.logentry", "fields": {"action_flag": 3, "action_time": "2011-10-04 03:49:12", "object_repr": "Benzaknen 10% gel 30 g", "object_id": "14", "change_message": "", "user": 1, "content_type": 11}}, {"pk": 13, "model": "admin.logentry", "fields": {"action_flag": 3, "action_time": "2011-10-04 03:49:12", "object_repr": "Babynos", "object_id": "13", "change_message": "", "user": 1, "content_type": 11}}, {"pk": 12, "model": "admin.logentry", "fields": {"action_flag": 3, "action_time": "2011-10-04 03:49:12", "object_repr": "Atarax 25 mg 50 tbl", "object_id": "11", "change_message": "", "user": 1, "content_type": 11}}, {"pk": 11, "model": "admin.logentry", "fields": {"action_flag": 3, "action_time": "2011-10-04 03:49:12", "object_repr": "Artane 5 mg 100 tbl", "object_id": "10", "change_message": "", "user": 1, "content_type": 11}}, {"pk": 10, "model": "admin.logentry", "fields": {"action_flag": 3, "action_time": "2011-10-04 03:49:12", "object_repr": "Aldiamed mundgel 50 g", "object_id": "9", "change_message": "", "user": 1, "content_type": 11}}, {"pk": 9, "model": "admin.logentry", "fields": {"action_flag": 3, "action_time": "2011-10-04 03:49:12", "object_repr": "Aktiferrin tropfen", "object_id": "8", "change_message": "", "user": 1, "content_type": 11}}, {"pk": 8, "model": "admin.logentry", "fields": {"action_flag": 3, "action_time": "2011-10-04 03:49:12", "object_repr": "Aknichtol lotio", "object_id": "7", "change_message": "", "user": 1, "content_type": 11}}, {"pk": 7, "model": "admin.logentry", "fields": {"action_flag": 3, "action_time": "2011-10-04 03:49:12", "object_repr": "Akneroxid 5% 50 g", "object_id": "6", "change_message": "", "user": 1, "content_type": 11}}, {"pk": 6, "model": "admin.logentry", "fields": {"action_flag": 3, "action_time": "2011-10-04 03:49:12", "object_repr": "1", "object_id": "5", "change_message": "", "user": 1, "content_type": 11}}, {"pk": 5, "model": "admin.logentry", "fields": {"action_flag": 3, "action_time": "2011-10-04 03:49:12", "object_repr": "11", "object_id": "4", "change_message": "", "user": 1, "content_type": 11}}, {"pk": 4, "model": "admin.logentry", "fields": {"action_flag": 3, "action_time": "2011-10-04 03:49:12", "object_repr": "Aethoxysklerol 2%", "object_id": "3", "change_message": "", "user": 1, "content_type": 11}}, {"pk": 3, "model": "admin.logentry", "fields": {"action_flag": 3, "action_time": "2011-10-04 03:49:12", "object_repr": "59", "object_id": "2", "change_message": "", "user": 1, "content_type": 11}}, {"pk": 2, "model": "admin.logentry", "fields": {"action_flag": 3, "action_time": "2011-10-04 03:49:12", "object_repr": "423", "object_id": "1", "change_message": "", "user": 1, "content_type": 11}}, {"pk": 1, "model": "admin.logentry", "fields": {"action_flag": 1, "action_time": "2011-10-04 03:45:36", "object_repr": "Austrija", "object_id": "1", "change_message": "", "user": 1, "content_type": 10}}, {"pk": 1, "model": "depo.djelatnik", "fields": {"nadimak": "Ana", "ime": "Ana", "user": 2, "prezime": "\u0160tefan"}}, {"pk": 1, "model": "depo.depo", "fields": {"naziv": "Austrija"}}, {"pk": 2, "model": "depo.depo", "fields": {"naziv": "Njema\u010dka"}}, {"pk": 3, "model": "depo.depo", "fields": {"naziv": "Slovenija"}}, {"pk": 4, "model": "depo.depo", "fields": {"naziv": "\u0160vicarska"}}, {"pk": 5, "model": "depo.depo", "fields": {"naziv": "Italija"}}, {"pk": 6, "model": "depo.depo", "fields": {"naziv": "Amerika"}}, {"pk": 7, "model": "depo.depo", "fields": {"naziv": "Francuska"}}, {"pk": 8, "model": "depo.depo", "fields": {"naziv": "Bosna i Hercegovina"}}, {"pk": 9, "model": "depo.depo", "fields": {"naziv": "\u0160panjolska"}}, {"pk": 10, "model": "depo.depo", "fields": {"naziv": "Nizozemska"}}, {"pk": 93, "model": "depo.lijek", "fields": {"stanje": 3, "cijena": 16, "naziv": "      Asper cream", "depo": 6}}, {"pk": 284, "model": "depo.lijek", "fields": {"stanje": 9, "cijena": 54.52, "naziv": "A.T.losung 90 ml", "depo": 2}}, {"pk": 123, "model": "depo.lijek", "fields": {"stanje": 24, "cijena": 3.95, "naziv": "ABC Hansaplast 1/1", "depo": 2}}, {"pk": 124, "model": "depo.lijek", "fields": {"stanje": 17, "cijena": 9.17, "naziv": "ABC Hansaplast 2", "depo": 2}}, {"pk": 125, "model": "depo.lijek", "fields": {"stanje": 13, "cijena": 8.76, "naziv": "ABC Warme creme", "depo": 2}}, {"pk": 108, "model": "depo.lijek", "fields": {"stanje": 18, "cijena": 5.9, "naziv": "AULIN granulat", "depo": 5}}, {"pk": 126, "model": "depo.lijek", "fields": {"stanje": 19, "cijena": 8.89, "naziv": "Actihaemyl", "depo": 2}}, {"pk": 55, "model": "depo.lijek", "fields": {"stanje": 7, "cijena": 5.9, "naziv": "Adavin 10 mg", "depo": 3}}, {"pk": 1, "model": "depo.lijek", "fields": {"stanje": 13, "cijena": 14.8, "naziv": "Aethoxysklerol 0,5 %", "depo": 1}}, {"pk": 2, "model": "depo.lijek", "fields": {"stanje": 12, "cijena": 16.96, "naziv": "Aethoxysklerol 1%", "depo": 1}}, {"pk": 3, "model": "depo.lijek", "fields": {"stanje": 10, "cijena": 17.56, "naziv": "Aethoxysklerol 2%", "depo": 1}}, {"pk": 4, "model": "depo.lijek", "fields": {"stanje": 10, "cijena": 19, "naziv": "Aethoxysklerol 3%", "depo": 1}}, {"pk": 127, "model": "depo.lijek", "fields": {"stanje": 6, "cijena": 10.12, "naziv": "Agiolax Granulat", "depo": 1}}, {"pk": 309, "model": "depo.lijek", "fields": {"stanje": 12, "cijena": 17.47, "naziv": "Airol Losung", "depo": 2}}, {"pk": 128, "model": "depo.lijek", "fields": {"stanje": 20, "cijena": 1.49, "naziv": "Ajona", "depo": 2}}, {"pk": 5, "model": "depo.lijek", "fields": {"stanje": 0, "cijena": 6.48, "naziv": "Aknemycin Hidro 1%", "depo": 1}}, {"pk": 6, "model": "depo.lijek", "fields": {"stanje": 24, "cijena": 6.06, "naziv": "Akneroxid 5% 50 g", "depo": 1}}, {"pk": 7, "model": "depo.lijek", "fields": {"stanje": 17, "cijena": 5.68, "naziv": "Aknichtol lotio", "depo": 1}}, {"pk": 8, "model": "depo.lijek", "fields": {"stanje": 13, "cijena": 1.9, "naziv": "Aktiferrin tropfen", "depo": 1}}, {"pk": 329, "model": "depo.lijek", "fields": {"stanje": 7, "cijena": 3.8, "naziv": "Aldactone 25 mg", "depo": 3}}, {"pk": 56, "model": "depo.lijek", "fields": {"stanje": 23, "cijena": 7.7, "naziv": "Aldactone 50 mg SLO 20 st", "depo": 3}}, {"pk": 57, "model": "depo.lijek", "fields": {"stanje": 4, "cijena": 99.8, "naziv": "Aldara 5% krema slovenska", "depo": 3}}, {"pk": 9, "model": "depo.lijek", "fields": {"stanje": 9, "cijena": 7.95, "naziv": "Aldiamed mundgel 50 g", "depo": 2}}, {"pk": 215, "model": "depo.lijek", "fields": {"stanje": 30, "cijena": 5.11, "naziv": "Aldometil 250 mg", "depo": 5}}, {"pk": 257, "model": "depo.lijek", "fields": {"stanje": 0, "cijena": 10.15, "naziv": "Aldometil 500 mg", "depo": 2}}, {"pk": 285, "model": "depo.lijek", "fields": {"stanje": 1, "cijena": 8.11, "naziv": "Alfa", "depo": 5}}, {"pk": 58, "model": "depo.lijek", "fields": {"stanje": 0, "cijena": 6.3, "naziv": "Alkeran tbl 25x2 mg", "depo": 3}}, {"pk": 339, "model": "depo.lijek", "fields": {"stanje": 19, "cijena": 27, "naziv": "Almased 500 g", "depo": 2}}, {"pk": 197, "model": "depo.lijek", "fields": {"stanje": 0, "cijena": 56.26, "naziv": "Amphotericin B 50 mg", "depo": 1}}, {"pk": 59, "model": "depo.lijek", "fields": {"stanje": 19, "cijena": 4.5, "naziv": "Angised tbl 100x0,5 mg", "depo": 3}}, {"pk": 129, "model": "depo.lijek", "fields": {"stanje": 0, "cijena": 14.34, "naziv": "Antikataraktikum", "depo": 2}}, {"pk": 208, "model": "depo.lijek", "fields": {"stanje": 0, "cijena": 15.6, "naziv": "Apilepsin", "depo": 3}}, {"pk": 280, "model": "depo.lijek", "fields": {"stanje": 10, "cijena": 32.18, "naziv": "Armour Thyroid 30 mg", "depo": 6}}, {"pk": 290, "model": "depo.lijek", "fields": {"stanje": 5, "cijena": 35.74, "naziv": "Armour Thyroid 60 mg", "depo": 6}}, {"pk": 130, "model": "depo.lijek", "fields": {"stanje": 3, "cijena": 25.95, "naziv": "Artane 2 mg", "depo": 2}}, {"pk": 10, "model": "depo.lijek", "fields": {"stanje": 6, "cijena": 38.7, "naziv": "Artane 5 mg 100 tbl", "depo": 2}}, {"pk": 131, "model": "depo.lijek", "fields": {"stanje": 13, "cijena": 11.8, "naziv": "Aspirin P 100 mg", "depo": 2}}, {"pk": 132, "model": "depo.lijek", "fields": {"stanje": 13, "cijena": 5.85, "naziv": "Aspirin P 300 mg", "depo": 2}}, {"pk": 11, "model": "depo.lijek", "fields": {"stanje": 7, "cijena": 7.52, "naziv": "Atarax 25 mg 50 tbl", "depo": 1}}, {"pk": 325, "model": "depo.lijek", "fields": {"stanje": 76, "cijena": 17.2, "naziv": "Atropin Sulfat 0,5 %", "depo": 3}}, {"pk": 326, "model": "depo.lijek", "fields": {"stanje": 76, "cijena": 31, "naziv": "Atropin Sulfat 1%", "depo": 3}}, {"pk": 193, "model": "depo.lijek", "fields": {"stanje": 0, "cijena": 6.58, "naziv": "Avamigran", "depo": 1}}, {"pk": 13, "model": "depo.lijek", "fields": {"stanje": 0, "cijena": 4.58, "naziv": "Babynos", "depo": 1}}, {"pk": 267, "model": "depo.lijek", "fields": {"stanje": 5, "cijena": 15.56, "naziv": "Bengay ultra stranght", "depo": 6}}, {"pk": 14, "model": "depo.lijek", "fields": {"stanje": 24, "cijena": 5.1, "naziv": "Benzaknen 10% gel 30 g", "depo": 1}}, {"pk": 15, "model": "depo.lijek", "fields": {"stanje": 20, "cijena": 3.8, "naziv": "Benzaknen 5% gel 30 g", "depo": 1}}, {"pk": 301, "model": "depo.lijek", "fields": {"stanje": 0, "cijena": 5.78, "naziv": "Bepanthen 10 g dr. Tafra", "depo": 2}}, {"pk": 300, "model": "depo.lijek", "fields": {"stanje": 14, "cijena": 3.45, "naziv": "Bepanthen 5 g dr. Tafra", "depo": 2}}, {"pk": 133, "model": "depo.lijek", "fields": {"stanje": 20, "cijena": 5.78, "naziv": "Bepanthen salbe 10 g", "depo": 2}}, {"pk": 60, "model": "depo.lijek", "fields": {"stanje": 0, "cijena": 6.7, "naziv": "Bilobil kps", "depo": 3}}, {"pk": 298, "model": "depo.lijek", "fields": {"stanje": 0, "cijena": 11.4, "naziv": "Blephasol Lotio 100 ml", "depo": 1}}, {"pk": 16, "model": "depo.lijek", "fields": {"stanje": 9, "cijena": 19.76, "naziv": "Broncho-Vaxom 3,5 mg", "depo": 1}}, {"pk": 17, "model": "depo.lijek", "fields": {"stanje": 3, "cijena": 28.2, "naziv": "Broncho-Vaxom 7 mg", "depo": 1}}, {"pk": 294, "model": "depo.lijek", "fields": {"stanje": 15, "cijena": 8.65, "naziv": "Brunac 5% AT", "depo": 5}}, {"pk": 288, "model": "depo.lijek", "fields": {"stanje": 0, "cijena": 5.9, "naziv": "Cafergot 2 mg+100 mg supp", "depo": 5}}, {"pk": 94, "model": "depo.lijek", "fields": {"stanje": 0, "cijena": 34, "naziv": "Calcium-Magnesium caps. 180", "depo": 6}}, {"pk": 226, "model": "depo.lijek", "fields": {"stanje": 11, "cijena": 5, "naziv": "Canesten lsg", "depo": 2}}, {"pk": 201, "model": "depo.lijek", "fields": {"stanje": 10, "cijena": 8.98, "naziv": "Cantabilin", "depo": 7}}, {"pk": 333, "model": "depo.lijek", "fields": {"stanje": 48, "cijena": 10.98, "naziv": "Catacol AT 10 ml", "depo": 7}}, {"pk": 260, "model": "depo.lijek", "fields": {"stanje": 0, "cijena": 17.9, "naziv": "Catapresan 0,150 mg", "depo": 1}}, {"pk": 95, "model": "depo.lijek", "fields": {"stanje": 0, "cijena": 80, "naziv": "Cellfood DNA/RNA spray 30 ml", "depo": 6}}, {"pk": 281, "model": "depo.lijek", "fields": {"stanje": 14, "cijena": 60, "naziv": "Cetrotide 0,25 mg", "depo": 3}}, {"pk": 134, "model": "depo.lijek", "fields": {"stanje": 0, "cijena": 14.26, "naziv": "Chloralhydrat Rectiole", "depo": 2}}, {"pk": 61, "model": "depo.lijek", "fields": {"stanje": 8, "cijena": 70, "naziv": "Cialis 20 mg 4 tbl", "depo": 3}}, {"pk": 18, "model": "depo.lijek", "fields": {"stanje": 3, "cijena": 5.32, "naziv": "Ciloxan 5 ml Aus.", "depo": 1}}, {"pk": 315, "model": "depo.lijek", "fields": {"stanje": 4, "cijena": 22.82, "naziv": "Clarelux Schaum", "depo": 2}}, {"pk": 287, "model": "depo.lijek", "fields": {"stanje": 24, "cijena": 12, "naziv": "Clomid 50 mg", "depo": 5}}, {"pk": 19, "model": "depo.lijek", "fields": {"stanje": 12, "cijena": 7.42, "naziv": "Colchicin tbl.", "depo": 1}}, {"pk": 135, "model": "depo.lijek", "fields": {"stanje": 28, "cijena": 5.2, "naziv": "Cornere gel 10 g", "depo": 2}}, {"pk": 136, "model": "depo.lijek", "fields": {"stanje": 14, "cijena": 10.75, "naziv": "Cornere gel 3x10 g", "depo": 2}}, {"pk": 121, "model": "depo.lijek", "fields": {"stanje": 0, "cijena": 3.73, "naziv": "Coumadin 2 mg Francuska", "depo": 7}}, {"pk": 109, "model": "depo.lijek", "fields": {"stanje": 0, "cijena": 2.89, "naziv": "Coumadin 5 mg Italija", "depo": 5}}, {"pk": 137, "model": "depo.lijek", "fields": {"stanje": 10, "cijena": 4.39, "naziv": "Cromoglicin Heumann AT", "depo": 2}}, {"pk": 138, "model": "depo.lijek", "fields": {"stanje": 13, "cijena": 6.37, "naziv": "Cromoglicin Heumann Spray", "depo": 2}}, {"pk": 62, "model": "depo.lijek", "fields": {"stanje": 13, "cijena": 8.1, "naziv": "Cyclo-Proginova", "depo": 3}}, {"pk": 110, "model": "depo.lijek", "fields": {"stanje": 23, "cijena": 13.96, "naziv": "De-Nol 120 mg 40 comp.", "depo": 5}}, {"pk": 96, "model": "depo.lijek", "fields": {"stanje": 14, "cijena": 23, "naziv": "Denorex Veliki", "depo": 6}}, {"pk": 293, "model": "depo.lijek", "fields": {"stanje": 0, "cijena": 15, "naziv": "Denorex mali", "depo": 6}}, {"pk": 139, "model": "depo.lijek", "fields": {"stanje": 0, "cijena": 4.79, "naziv": "Dentinox gel", "depo": 2}}, {"pk": 20, "model": "depo.lijek", "fields": {"stanje": 34, "cijena": 10.06, "naziv": "Depakine Chrono 250 mg Ret", "depo": 1}}, {"pk": 21, "model": "depo.lijek", "fields": {"stanje": 31, "cijena": 3.52, "naziv": "Depakine Chrono 50 mg", "depo": 1}}, {"pk": 311, "model": "depo.lijek", "fields": {"stanje": 2, "cijena": 12.2, "naziv": "Dermasence Zincutan Schaum", "depo": 2}}, {"pk": 295, "model": "depo.lijek", "fields": {"stanje": 8, "cijena": 15.7, "naziv": "Dexa-Gentamycin Kombi", "depo": 1}}, {"pk": 324, "model": "depo.lijek", "fields": {"stanje": 5, "cijena": 13.82, "naziv": "Dexagel", "depo": 2}}, {"pk": 22, "model": "depo.lijek", "fields": {"stanje": 7, "cijena": 18.38, "naziv": "Diamox 100 tbl", "depo": 1}}, {"pk": 63, "model": "depo.lijek", "fields": {"stanje": 0, "cijena": 6.5, "naziv": "Dicynone tbl 30x250 mg", "depo": 3}}, {"pk": 23, "model": "depo.lijek", "fields": {"stanje": 19, "cijena": 12.26, "naziv": "Diferin Gel", "depo": 1}}, {"pk": 273, "model": "depo.lijek", "fields": {"stanje": 0, "cijena": 9.68, "naziv": "Diprophos 1 ml Amp", "depo": 1}}, {"pk": 335, "model": "depo.lijek", "fields": {"stanje": 4, "cijena": 11.15, "naziv": "Diprostene 1 ml", "depo": 7}}, {"pk": 189, "model": "depo.lijek", "fields": {"stanje": 10, "cijena": 3.4, "naziv": "Ditamin tbl", "depo": 3}}, {"pk": 24, "model": "depo.lijek", "fields": {"stanje": 12, "cijena": 6.4, "naziv": "Doderline", "depo": 1}}, {"pk": 65, "model": "depo.lijek", "fields": {"stanje": 0, "cijena": 9, "naziv": "Doxilex kps 500 mg", "depo": 3}}, {"pk": 307, "model": "depo.lijek", "fields": {"stanje": 7, "cijena": 28.35, "naziv": "Duac Akne Gel", "depo": 2}}, {"pk": 140, "model": "depo.lijek", "fields": {"stanje": 0, "cijena": 78.64, "naziv": "Echovist 200", "depo": 1}}, {"pk": 256, "model": "depo.lijek", "fields": {"stanje": 0, "cijena": 104.96, "naziv": "Echovist 300", "depo": 2}}, {"pk": 141, "model": "depo.lijek", "fields": {"stanje": 6, "cijena": 7.62, "naziv": "Emla Creme + 2 Tegadermpf", "depo": 2}}, {"pk": 289, "model": "depo.lijek", "fields": {"stanje": 5, "cijena": 14.31, "naziv": "Emser Nasendusche", "depo": 2}}, {"pk": 258, "model": "depo.lijek", "fields": {"stanje": 0, "cijena": 9.09, "naziv": "Ergenyl Chrono 250 mg", "depo": 2}}, {"pk": 25, "model": "depo.lijek", "fields": {"stanje": 13, "cijena": 6.68, "naziv": "Eryaknen 4% Gel 30 g", "depo": 1}}, {"pk": 195, "model": "depo.lijek", "fields": {"stanje": 0, "cijena": 30, "naziv": "Esafosfina 10g/100ml", "depo": 5}}, {"pk": 97, "model": "depo.lijek", "fields": {"stanje": 0, "cijena": 360, "naziv": "Esmolol HCl inj. 10x10 mg/ml", "depo": 6}}, {"pk": 122, "model": "depo.lijek", "fields": {"stanje": 0, "cijena": 4.13, "naziv": "Esperal 500 mg", "depo": 7}}, {"pk": 26, "model": "depo.lijek", "fields": {"stanje": 9, "cijena": 29.92, "naziv": "Essentiale F 100 tbl", "depo": 1}}, {"pk": 27, "model": "depo.lijek", "fields": {"stanje": 0, "cijena": 4.48, "naziv": "Eudyna Creme", "depo": 1}}, {"pk": 291, "model": "depo.lijek", "fields": {"stanje": 5, "cijena": 20.38, "naziv": "Excedrin Migraine", "depo": 6}}, {"pk": 286, "model": "depo.lijek", "fields": {"stanje": 0, "cijena": 21.4, "naziv": "Fibrase 50 mg", "depo": 5}}, {"pk": 322, "model": "depo.lijek", "fields": {"stanje": 10, "cijena": 12.47, "naziv": "Ficotril Augensalbe 0,5 %", "depo": 2}}, {"pk": 142, "model": "depo.lijek", "fields": {"stanje": 9, "cijena": 8.9, "naziv": "Finalgon extra salbe", "depo": 1}}, {"pk": 66, "model": "depo.lijek", "fields": {"stanje": 7, "cijena": 34, "naziv": "Flixonase SLO", "depo": 3}}, {"pk": 338, "model": "depo.lijek", "fields": {"stanje": 5, "cijena": 4.5, "naziv": "Flosteron amp.", "depo": 3}}, {"pk": 321, "model": "depo.lijek", "fields": {"stanje": 7, "cijena": 18.8, "naziv": "Floxapen 500 mg", "depo": 1}}, {"pk": 219, "model": "depo.lijek", "fields": {"stanje": 0, "cijena": 22.1, "naziv": "Fluad Fertigspritze", "depo": 1}}, {"pk": 318, "model": "depo.lijek", "fields": {"stanje": 5, "cijena": 11.6, "naziv": "Fucidine Creme", "depo": 2}}, {"pk": 175, "model": "depo.lijek", "fields": {"stanje": 28, "cijena": 8, "naziv": "Furantoina sirup", "depo": 9}}, {"pk": 143, "model": "depo.lijek", "fields": {"stanje": 8, "cijena": 11.8, "naziv": "Gaviscon Susp 200 ml", "depo": 2}}, {"pk": 296, "model": "depo.lijek", "fields": {"stanje": 4, "cijena": 12, "naziv": "Gentamycin AG 5g", "depo": 1}}, {"pk": 297, "model": "depo.lijek", "fields": {"stanje": 5, "cijena": 12, "naziv": "Gentamycin AT 5 ml", "depo": 1}}, {"pk": 28, "model": "depo.lijek", "fields": {"stanje": 4, "cijena": 3.88, "naziv": "Gentax AT 5 ml", "depo": 1}}, {"pk": 144, "model": "depo.lijek", "fields": {"stanje": 5, "cijena": 9.38, "naziv": "Glandosane", "depo": 1}}, {"pk": 145, "model": "depo.lijek", "fields": {"stanje": 3, "cijena": 8.95, "naziv": "Grippostad c", "depo": 2}}, {"pk": 316, "model": "depo.lijek", "fields": {"stanje": 11, "cijena": 5.03, "naziv": "Guttaplast 1 st", "depo": 2}}, {"pk": 146, "model": "depo.lijek", "fields": {"stanje": 8, "cijena": 34.55, "naziv": "Gynodian depot 3 st", "depo": 2}}, {"pk": 29, "model": "depo.lijek", "fields": {"stanje": 26, "cijena": 5.1, "naziv": "Hadensa salbe 42 g", "depo": 1}}, {"pk": 30, "model": "depo.lijek", "fields": {"stanje": 5, "cijena": 4.94, "naziv": "Hadensa supp \u00e1 12 st", "depo": 1}}, {"pk": 147, "model": "depo.lijek", "fields": {"stanje": 13, "cijena": 7.84, "naziv": "Hepa gel 30000", "depo": 2}}, {"pk": 148, "model": "depo.lijek", "fields": {"stanje": 9, "cijena": 11.96, "naziv": "Hepa gel 60000", "depo": 2}}, {"pk": 149, "model": "depo.lijek", "fields": {"stanje": 13, "cijena": 7.84, "naziv": "Hepa salbe 30000", "depo": 2}}, {"pk": 150, "model": "depo.lijek", "fields": {"stanje": 15, "cijena": 11.96, "naziv": "Hepa salbe 60000", "depo": 2}}, {"pk": 31, "model": "depo.lijek", "fields": {"stanje": 0, "cijena": 3.52, "naziv": "Hepavit 2500", "depo": 1}}, {"pk": 205, "model": "depo.lijek", "fields": {"stanje": 5, "cijena": 61, "naziv": "Hyalgan 20 mg / 2 ml", "depo": 5}}, {"pk": 271, "model": "depo.lijek", "fields": {"stanje": 5, "cijena": 58.25, "naziv": "Infanrix IPV+HIB", "depo": 2}}, {"pk": 308, "model": "depo.lijek", "fields": {"stanje": 6, "cijena": 11.4, "naziv": "Infectodell Losung", "depo": 2}}, {"pk": 279, "model": "depo.lijek", "fields": {"stanje": 1, "cijena": 7.29, "naziv": "Intrafer Tropfen", "depo": 5}}, {"pk": 276, "model": "depo.lijek", "fields": {"stanje": 0, "cijena": 28, "naziv": "Iruxol mast", "depo": 5}}, {"pk": 151, "model": "depo.lijek", "fields": {"stanje": 3, "cijena": 14.95, "naziv": "Kendural C", "depo": 2}}, {"pk": 111, "model": "depo.lijek", "fields": {"stanje": 0, "cijena": 5.15, "naziv": "Konakion tbl", "depo": 5}}, {"pk": 98, "model": "depo.lijek", "fields": {"stanje": 0, "cijena": 5.5, "naziv": "Labetalol HCl injection 5 mg/ml", "depo": 6}}, {"pk": 263, "model": "depo.lijek", "fields": {"stanje": 50, "cijena": 5.5, "naziv": "Labetalol amp", "depo": 6}}, {"pk": 275, "model": "depo.lijek", "fields": {"stanje": 0, "cijena": 5.5, "naziv": "Labetalol amp.5mg/ml", "depo": 6}}, {"pk": 68, "model": "depo.lijek", "fields": {"stanje": 9, "cijena": 6, "naziv": "Lacryvisc gel 10 g", "depo": 3}}, {"pk": 112, "model": "depo.lijek", "fields": {"stanje": 17, "cijena": 17.85, "naziv": "Lantigen B", "depo": 5}}, {"pk": 113, "model": "depo.lijek", "fields": {"stanje": 13, "cijena": 3, "naziv": "Largactil 100 mg 20 comp.", "depo": 5}}, {"pk": 32, "model": "depo.lijek", "fields": {"stanje": 19, "cijena": 46.42, "naziv": "Lariam 250 mg", "depo": 1}}, {"pk": 174, "model": "depo.lijek", "fields": {"stanje": 0, "cijena": 53.06, "naziv": "Lariam 250 mg Italija", "depo": 5}}, {"pk": 69, "model": "depo.lijek", "fields": {"stanje": 8, "cijena": 2, "naziv": "Lasix tbl", "depo": 3}}, {"pk": 305, "model": "depo.lijek", "fields": {"stanje": 5, "cijena": 12.82, "naziv": "Laticort 0,1% Crema", "depo": 2}}, {"pk": 306, "model": "depo.lijek", "fields": {"stanje": 9, "cijena": 12.82, "naziv": "Laticort 0,1% Salbe", "depo": 2}}, {"pk": 70, "model": "depo.lijek", "fields": {"stanje": 15, "cijena": 16, "naziv": "Leukeran 2 mg 25 tbl (SLO)", "depo": 3}}, {"pk": 198, "model": "depo.lijek", "fields": {"stanje": 0, "cijena": 3, "naziv": "Lido Hyal B amp 2ml", "depo": 4}}, {"pk": 319, "model": "depo.lijek", "fields": {"stanje": 5, "cijena": 6.59, "naziv": "Linola Sept Creme", "depo": 2}}, {"pk": 99, "model": "depo.lijek", "fields": {"stanje": 0, "cijena": 0, "naziv": "MG 217 Lotion", "depo": 6}}, {"pk": 155, "model": "depo.lijek", "fields": {"stanje": 11, "cijena": 8.88, "naziv": "MOBILAT Salbe 100 g", "depo": 1}}, {"pk": 152, "model": "depo.lijek", "fields": {"stanje": 17, "cijena": 69.3, "naziv": "Malarone", "depo": 1}}, {"pk": 114, "model": "depo.lijek", "fields": {"stanje": 6, "cijena": 4.39, "naziv": "Merbromina sol 30 ml", "depo": 5}}, {"pk": 153, "model": "depo.lijek", "fields": {"stanje": 0, "cijena": 23.9, "naziv": "Methyldopa Stada 250 mg 100 st", "depo": 2}}, {"pk": 255, "model": "depo.lijek", "fields": {"stanje": 0, "cijena": 12.68, "naziv": "Mexitil 200 mg", "depo": 5}}, {"pk": 262, "model": "depo.lijek", "fields": {"stanje": 0, "cijena": 71.34, "naziv": "Mexitil 200 mg 100 st", "depo": 2}}, {"pk": 282, "model": "depo.lijek", "fields": {"stanje": 0, "cijena": 5.86, "naziv": "Microkl. Glicerolo", "depo": 5}}, {"pk": 254, "model": "depo.lijek", "fields": {"stanje": 0, "cijena": 6.58, "naziv": "Microklist 4 st", "depo": 1}}, {"pk": 154, "model": "depo.lijek", "fields": {"stanje": 28, "cijena": 3.32, "naziv": "Midro Tee 48 g", "depo": 2}}, {"pk": 33, "model": "depo.lijek", "fields": {"stanje": 77, "cijena": 7.76, "naziv": "Minostad 50 mg 30 kps", "depo": 1}}, {"pk": 206, "model": "depo.lijek", "fields": {"stanje": 4, "cijena": 4.3, "naziv": "Moditen 1 mg", "depo": 3}}, {"pk": 72, "model": "depo.lijek", "fields": {"stanje": 7, "cijena": 9.5, "naziv": "Modolex mast", "depo": 3}}, {"pk": 237, "model": "depo.lijek", "fields": {"stanje": 0, "cijena": 375, "naziv": "Multaq 400 mg", "depo": 6}}, {"pk": 181, "model": "depo.lijek", "fields": {"stanje": 0, "cijena": 8, "naziv": "Muscoflex 4 mg", "depo": 8}}, {"pk": 190, "model": "depo.lijek", "fields": {"stanje": 54, "cijena": 4.8, "naziv": "Mysteclin Ovula 6st", "depo": 1}}, {"pk": 73, "model": "depo.lijek", "fields": {"stanje": 0, "cijena": 2.8, "naziv": "Naklofen duo 75 mg", "depo": 3}}, {"pk": 207, "model": "depo.lijek", "fields": {"stanje": 0, "cijena": 280, "naziv": "Natulan 50 mg", "depo": 10}}, {"pk": 202, "model": "depo.lijek", "fields": {"stanje": 0, "cijena": 58.43, "naziv": "Navelbine 10 mg", "depo": 2}}, {"pk": 203, "model": "depo.lijek", "fields": {"stanje": 5, "cijena": 50.02, "naziv": "Navelbine 10 mg  Emra", "depo": 2}}, {"pk": 34, "model": "depo.lijek", "fields": {"stanje": 27, "cijena": 2.68, "naziv": "Neurobion Amp", "depo": 1}}, {"pk": 35, "model": "depo.lijek", "fields": {"stanje": 70, "cijena": 13.16, "naziv": "Neurobion F 100 tbl", "depo": 1}}, {"pk": 36, "model": "depo.lijek", "fields": {"stanje": 35, "cijena": 3.14, "naziv": "Neurobion F 20 tbl", "depo": 1}}, {"pk": 100, "model": "depo.lijek", "fields": {"stanje": 0, "cijena": 11, "naziv": "Nitro-Bid 30 g", "depo": 6}}, {"pk": 101, "model": "depo.lijek", "fields": {"stanje": 0, "cijena": 17, "naziv": "Nitro-Bid ointment 2% \u00e1 60 g", "depo": 6}}, {"pk": 156, "model": "depo.lijek", "fields": {"stanje": 10, "cijena": 3.58, "naziv": "Nitrolingual kps", "depo": 1}}, {"pk": 171, "model": "depo.lijek", "fields": {"stanje": 245, "cijena": 10, "naziv": "Nomigren", "depo": 8}}, {"pk": 115, "model": "depo.lijek", "fields": {"stanje": 38, "cijena": 8.65, "naziv": "OZOPULMIN bambini supp.", "depo": 5}}, {"pk": 116, "model": "depo.lijek", "fields": {"stanje": 36, "cijena": 7.05, "naziv": "OZOPULMIN lattanti supp.", "depo": 5}}, {"pk": 102, "model": "depo.lijek", "fields": {"stanje": 6, "cijena": 32, "naziv": "Ocuvite", "depo": 6}}, {"pk": 292, "model": "depo.lijek", "fields": {"stanje": 0, "cijena": 5.7, "naziv": "Oki 80 mg", "depo": 5}}, {"pk": 37, "model": "depo.lijek", "fields": {"stanje": 18, "cijena": 2.82, "naziv": "Oleovit Augensalbe", "depo": 1}}, {"pk": 38, "model": "depo.lijek", "fields": {"stanje": 19, "cijena": 4.12, "naziv": "Oleovit D3 Tropfen", "depo": 1}}, {"pk": 103, "model": "depo.lijek", "fields": {"stanje": 0, "cijena": 52, "naziv": "Omega 3.6.9 junior 90 st", "depo": 6}}, {"pk": 216, "model": "depo.lijek", "fields": {"stanje": 0, "cijena": 19.8, "naziv": "Omnic Ocas 0,4 mg", "depo": 3}}, {"pk": 74, "model": "depo.lijek", "fields": {"stanje": 0, "cijena": 35, "naziv": "Omnic kps", "depo": 3}}, {"pk": 157, "model": "depo.lijek", "fields": {"stanje": 0, "cijena": 10.38, "naziv": "Ortho-gynest vag.crem. 80 g", "depo": 1}}, {"pk": 158, "model": "depo.lijek", "fields": {"stanje": 3, "cijena": 15.1, "naziv": "Ovestin Creme 50 g", "depo": 2}}, {"pk": 179, "model": "depo.lijek", "fields": {"stanje": 21, "cijena": 10.91, "naziv": "Ozopulmin Adulti", "depo": 5}}, {"pk": 264, "model": "depo.lijek", "fields": {"stanje": 8, "cijena": 30, "naziv": "Pancillin 800 000 i.j.", "depo": 8}}, {"pk": 259, "model": "depo.lijek", "fields": {"stanje": 7, "cijena": 13.12, "naziv": "Pankreoflat 50 drg", "depo": 1}}, {"pk": 39, "model": "depo.lijek", "fields": {"stanje": 8, "cijena": 10.12, "naziv": "Patentex Oval Ovula 12 st", "depo": 1}}, {"pk": 270, "model": "depo.lijek", "fields": {"stanje": 4, "cijena": 120, "naziv": "Phenylephrin 1 % amp", "depo": 6}}, {"pk": 274, "model": "depo.lijek", "fields": {"stanje": 0, "cijena": 120, "naziv": "Phenylephrine amp.10mg/ml", "depo": 6}}, {"pk": 312, "model": "depo.lijek", "fields": {"stanje": 5, "cijena": 19.9, "naziv": "Physiogel A.I. Creme", "depo": 2}}, {"pk": 313, "model": "depo.lijek", "fields": {"stanje": 5, "cijena": 27.9, "naziv": "Physiogel A.I. Lotion", "depo": 2}}, {"pk": 323, "model": "depo.lijek", "fields": {"stanje": 6, "cijena": 19.81, "naziv": "Pigmanorm Creme", "depo": 2}}, {"pk": 40, "model": "depo.lijek", "fields": {"stanje": 0, "cijena": 6.88, "naziv": "Pilocarpin 1% AT 10 ml", "depo": 1}}, {"pk": 41, "model": "depo.lijek", "fields": {"stanje": 0, "cijena": 8.62, "naziv": "Pilocarpin 2% 10 ml austrijski", "depo": 1}}, {"pk": 331, "model": "depo.lijek", "fields": {"stanje": 14, "cijena": 10, "naziv": "Plaquenil 200 mg", "depo": 5}}, {"pk": 75, "model": "depo.lijek", "fields": {"stanje": 3, "cijena": 51.9, "naziv": "Plavix tbl", "depo": 3}}, {"pk": 177, "model": "depo.lijek", "fields": {"stanje": 183, "cijena": 6.43, "naziv": "Polygynax", "depo": 7}}, {"pk": 268, "model": "depo.lijek", "fields": {"stanje": 0, "cijena": 8, "naziv": "Polygynax Vag. 6 kom", "depo": 8}}, {"pk": 199, "model": "depo.lijek", "fields": {"stanje": 0, "cijena": 16.8, "naziv": "Preductal MR", "depo": 3}}, {"pk": 104, "model": "depo.lijek", "fields": {"stanje": 0, "cijena": 39, "naziv": "Profibe powder 380 g", "depo": 6}}, {"pk": 76, "model": "depo.lijek", "fields": {"stanje": 0, "cijena": 2.5, "naziv": "Propomed C pastile", "depo": 3}}, {"pk": 266, "model": "depo.lijek", "fields": {"stanje": 0, "cijena": 4.8, "naziv": "Propranolol 40 mg", "depo": 3}}, {"pk": 328, "model": "depo.lijek", "fields": {"stanje": 8, "cijena": 4.8, "naziv": "Propranolol bez ambalaze", "depo": 3}}, {"pk": 303, "model": "depo.lijek", "fields": {"stanje": 8, "cijena": 23.12, "naziv": "Protopic 0,03 % Salbe", "depo": 1}}, {"pk": 302, "model": "depo.lijek", "fields": {"stanje": 9, "cijena": 25.7, "naziv": "Protopic 0,1 % Salbe", "depo": 1}}, {"pk": 77, "model": "depo.lijek", "fields": {"stanje": 6, "cijena": 5, "naziv": "Puri - nethol 50 mg", "depo": 3}}, {"pk": 327, "model": "depo.lijek", "fields": {"stanje": 1, "cijena": 8.5, "naziv": "Quinax bez ambalaze", "depo": 3}}, {"pk": 78, "model": "depo.lijek", "fields": {"stanje": 22, "cijena": 8.5, "naziv": "Quinax kapi", "depo": 3}}, {"pk": 106, "model": "depo.lijek", "fields": {"stanje": 4, "cijena": 307.9, "naziv": "RESTASYS kapi 0,05% 32x0,4 ml", "depo": 6}}, {"pk": 105, "model": "depo.lijek", "fields": {"stanje": 24, "cijena": 90, "naziv": "Racepinephrine Liq. 2,25%", "depo": 6}}, {"pk": 337, "model": "depo.lijek", "fields": {"stanje": 0, "cijena": 44, "naziv": "Rechtsregulat 350 ml", "depo": 2}}, {"pk": 79, "model": "depo.lijek", "fields": {"stanje": 27, "cijena": 5.4, "naziv": "Redergin 1,5 mg", "depo": 3}}, {"pk": 80, "model": "depo.lijek", "fields": {"stanje": 0, "cijena": 8, "naziv": "Redergin 4,5 mg", "depo": 3}}, {"pk": 81, "model": "depo.lijek", "fields": {"stanje": 5, "cijena": 7.2, "naziv": "Redergin kapi", "depo": 3}}, {"pk": 159, "model": "depo.lijek", "fields": {"stanje": 9, "cijena": 3, "naziv": "Reisetabletten", "depo": 2}}, {"pk": 42, "model": "depo.lijek", "fields": {"stanje": 12, "cijena": 6.42, "naziv": "Resochin tbl", "depo": 1}}, {"pk": 43, "model": "depo.lijek", "fields": {"stanje": 26, "cijena": 8.36, "naziv": "Rheumesser 3x3 ml amp.", "depo": 1}}, {"pk": 82, "model": "depo.lijek", "fields": {"stanje": 10, "cijena": 5, "naziv": "Rivotril 0,5 mg 50 tbl SLOVENIJA", "depo": 3}}, {"pk": 83, "model": "depo.lijek", "fields": {"stanje": 12, "cijena": 5, "naziv": "Rivotril 2 mg 30 tbl SLOVENIJA", "depo": 3}}, {"pk": 160, "model": "depo.lijek", "fields": {"stanje": 19, "cijena": 11.63, "naziv": "Rowachol 100", "depo": 2}}, {"pk": 161, "model": "depo.lijek", "fields": {"stanje": 7, "cijena": 11.63, "naziv": "Rowatinex 100", "depo": 2}}, {"pk": 191, "model": "depo.lijek", "fields": {"stanje": 0, "cijena": 4.22, "naziv": "Saridon", "depo": 1}}, {"pk": 278, "model": "depo.lijek", "fields": {"stanje": 5, "cijena": 3.35, "naziv": "Seldiar", "depo": 3}}, {"pk": 44, "model": "depo.lijek", "fields": {"stanje": 0, "cijena": 9.76, "naziv": "Selsun Med.Shampoo 120 ml", "depo": 1}}, {"pk": 188, "model": "depo.lijek", "fields": {"stanje": 0, "cijena": 6.68, "naziv": "Sermion 10 mg  20 st", "depo": 1}}, {"pk": 45, "model": "depo.lijek", "fields": {"stanje": 12, "cijena": 16.38, "naziv": "Sibelium 10 mg", "depo": 1}}, {"pk": 46, "model": "depo.lijek", "fields": {"stanje": 18, "cijena": 5, "naziv": "Sintrom", "depo": 7}}, {"pk": 178, "model": "depo.lijek", "fields": {"stanje": 0, "cijena": 5.36, "naziv": "Sintrom Austrija", "depo": 1}}, {"pk": 107, "model": "depo.lijek", "fields": {"stanje": 0, "cijena": 150, "naziv": "Skinceuticals 20 serum 30 ml", "depo": 6}}, {"pk": 304, "model": "depo.lijek", "fields": {"stanje": 6, "cijena": 25, "naziv": "Skinoren Gel 15 %", "depo": 1}}, {"pk": 162, "model": "depo.lijek", "fields": {"stanje": 11, "cijena": 4.94, "naziv": "Solcoseryl AG", "depo": 1}}, {"pk": 84, "model": "depo.lijek", "fields": {"stanje": 4, "cijena": 3, "naziv": "Stediril M", "depo": 3}}, {"pk": 117, "model": "depo.lijek", "fields": {"stanje": 0, "cijena": 55, "naziv": "Suprefact Spray ITALIJA", "depo": 5}}, {"pk": 265, "model": "depo.lijek", "fields": {"stanje": 5, "cijena": 55, "naziv": "Suprefact spray", "depo": 10}}, {"pk": 272, "model": "depo.lijek", "fields": {"stanje": 5, "cijena": 293.53, "naziv": "Synvisc Amp", "depo": 2}}, {"pk": 320, "model": "depo.lijek", "fields": {"stanje": 4, "cijena": 23.76, "naziv": "Systane balance AT 10 ml", "depo": 6}}, {"pk": 85, "model": "depo.lijek", "fields": {"stanje": 1, "cijena": 7, "naziv": "Tametil", "depo": 3}}, {"pk": 187, "model": "depo.lijek", "fields": {"stanje": 0, "cijena": 37.25, "naziv": "Tamiflu 75 mg kps", "depo": 2}}, {"pk": 200, "model": "depo.lijek", "fields": {"stanje": 8, "cijena": 13.32, "naziv": "Tardyferon Fol", "depo": 2}}, {"pk": 86, "model": "depo.lijek", "fields": {"stanje": 0, "cijena": 5, "naziv": "Tears Naturale 15 ml", "depo": 3}}, {"pk": 87, "model": "depo.lijek", "fields": {"stanje": 14, "cijena": 11.5, "naziv": "Tenzimet tbl", "depo": 3}}, {"pk": 172, "model": "depo.lijek", "fields": {"stanje": 83, "cijena": 20, "naziv": "Testosteron depo 5x1 ml", "depo": 8}}, {"pk": 47, "model": "depo.lijek", "fields": {"stanje": 9, "cijena": 5.88, "naziv": "Thiamazol 20 mg 50 tbl", "depo": 1}}, {"pk": 48, "model": "depo.lijek", "fields": {"stanje": 19, "cijena": 5.48, "naziv": "Thrombo ASS 100 mg", "depo": 1}}, {"pk": 163, "model": "depo.lijek", "fields": {"stanje": 37, "cijena": 6, "naziv": "Toplomjer", "depo": 2}}, {"pk": 88, "model": "depo.lijek", "fields": {"stanje": 14, "cijena": 5.5, "naziv": "Torecan 6,5 mg", "depo": 3}}, {"pk": 89, "model": "depo.lijek", "fields": {"stanje": 0, "cijena": 4.8, "naziv": "Torecan supp", "depo": 3}}, {"pk": 334, "model": "depo.lijek", "fields": {"stanje": 2, "cijena": 21.38, "naziv": "Tylenol 100 st", "depo": 6}}, {"pk": 49, "model": "depo.lijek", "fields": {"stanje": 0, "cijena": 4.68, "naziv": "Unichol", "depo": 1}}, {"pk": 50, "model": "depo.lijek", "fields": {"stanje": 12, "cijena": 24.48, "naziv": "Uralyt U granulat", "depo": 1}}, {"pk": 164, "model": "depo.lijek", "fields": {"stanje": 10, "cijena": 9.6, "naziv": "Uro Tablinen 50 tbl", "depo": 2}}, {"pk": 119, "model": "depo.lijek", "fields": {"stanje": 0, "cijena": 5.5, "naziv": "Urodine tropfen", "depo": 4}}, {"pk": 192, "model": "depo.lijek", "fields": {"stanje": 0, "cijena": 11.52, "naziv": "Utrogestan 100 mg", "depo": 1}}, {"pk": 180, "model": "depo.lijek", "fields": {"stanje": 0, "cijena": 8, "naziv": "Vagitorije sa kantarionovim uljem", "depo": 8}}, {"pk": 225, "model": "depo.lijek", "fields": {"stanje": 0, "cijena": 13.4, "naziv": "Vaxygrip", "depo": 1}}, {"pk": 90, "model": "depo.lijek", "fields": {"stanje": 6, "cijena": 10.6, "naziv": "Venter tbl", "depo": 3}}, {"pk": 91, "model": "depo.lijek", "fields": {"stanje": 0, "cijena": 8.1, "naziv": "Ventolin inh.otop.", "depo": 3}}, {"pk": 92, "model": "depo.lijek", "fields": {"stanje": 0, "cijena": 5, "naziv": "Verolax tbl", "depo": 3}}, {"pk": 51, "model": "depo.lijek", "fields": {"stanje": 8, "cijena": 12.4, "naziv": "Verumal lot 13 ml", "depo": 1}}, {"pk": 165, "model": "depo.lijek", "fields": {"stanje": 25, "cijena": 4.95, "naziv": "Vidisic AG 10 g", "depo": 2}}, {"pk": 166, "model": "depo.lijek", "fields": {"stanje": 15, "cijena": 10.2, "naziv": "Vidisic AG 3x10 g", "depo": 2}}, {"pk": 167, "model": "depo.lijek", "fields": {"stanje": 12, "cijena": 13.99, "naziv": "Vitadral 50 ml", "depo": 2}}, {"pk": 120, "model": "depo.lijek", "fields": {"stanje": 12, "cijena": 15.19, "naziv": "Vitamin A amp. 10x1 ml", "depo": 4}}, {"pk": 168, "model": "depo.lijek", "fields": {"stanje": 7, "cijena": 3.58, "naziv": "Vitamin B1 amp. RATIO", "depo": 2}}, {"pk": 185, "model": "depo.lijek", "fields": {"stanje": 2, "cijena": 2.86, "naziv": "Vitamin B6 20 mg", "depo": 2}}, {"pk": 169, "model": "depo.lijek", "fields": {"stanje": 12, "cijena": 2.38, "naziv": "Vitamin B6 amp. RATIO", "depo": 2}}, {"pk": 170, "model": "depo.lijek", "fields": {"stanje": 11, "cijena": 5.28, "naziv": "Vitamin C Rot.Amp.", "depo": 2}}, {"pk": 52, "model": "depo.lijek", "fields": {"stanje": 11, "cijena": 3.06, "naziv": "Volon A 10 mg", "depo": 1}}, {"pk": 336, "model": "depo.lijek", "fields": {"stanje": 1, "cijena": 8.98, "naziv": "Volon A 40 mg", "depo": 1}}, {"pk": 299, "model": "depo.lijek", "fields": {"stanje": 4, "cijena": 15.94, "naziv": "Voltaren Ophta AT 5 ml", "depo": 1}}, {"pk": 209, "model": "depo.lijek", "fields": {"stanje": 14, "cijena": 4.2, "naziv": "Voltaren dispers  20 tbl", "depo": 1}}, {"pk": 310, "model": "depo.lijek", "fields": {"stanje": 4, "cijena": 11.96, "naziv": "Widmer Efadermin Salbe", "depo": 2}}, {"pk": 317, "model": "depo.lijek", "fields": {"stanje": 1, "cijena": 20.47, "naziv": "Zactoline Creme", "depo": 2}}, {"pk": 118, "model": "depo.lijek", "fields": {"stanje": 0, "cijena": 9.01, "naziv": "Zentel", "depo": 5}}, {"pk": 314, "model": "depo.lijek", "fields": {"stanje": 8, "cijena": 25.48, "naziv": "Zineryt Losung", "depo": 2}}, {"pk": 53, "model": "depo.lijek", "fields": {"stanje": 2, "cijena": 5.28, "naziv": "Zoroxin AT", "depo": 1}}, {"pk": 54, "model": "depo.lijek", "fields": {"stanje": 9, "cijena": 6.42, "naziv": "Zyrtec Losung", "depo": 1}}, {"pk": 235, "model": "depo.lijek", "fields": {"stanje": 82, "cijena": 4.78, "naziv": "diamox 20 tbl.", "depo": 1}}, {"pk": 176, "model": "depo.lijek", "fields": {"stanje": 10, "cijena": 25, "naziv": "gamalon", "depo": 1}}, {"pk": 1, "model": "depo.zahtjev", "fields": {"lijek": 288, "status": 2, "user": 2, "modified": "2011-10-07 03:39:29", "created": "2011-10-07 02:37:34"}}, {"pk": 22, "model": "auth.permission", "fields": {"codename": "add_logentry", "name": "Can add log entry", "content_type": 8}}, {"pk": 23, "model": "auth.permission", "fields": {"codename": "change_logentry", "name": "Can change log entry", "content_type": 8}}, {"pk": 24, "model": "auth.permission", "fields": {"codename": "delete_logentry", "name": "Can delete log entry", "content_type": 8}}, {"pk": 4, "model": "auth.permission", "fields": {"codename": "add_group", "name": "Can add group", "content_type": 2}}, {"pk": 5, "model": "auth.permission", "fields": {"codename": "change_group", "name": "Can change group", "content_type": 2}}, {"pk": 6, "model": "auth.permission", "fields": {"codename": "delete_group", "name": "Can delete group", "content_type": 2}}, {"pk": 10, "model": "auth.permission", "fields": {"codename": "add_message", "name": "Can add message", "content_type": 4}}, {"pk": 11, "model": "auth.permission", "fields": {"codename": "change_message", "name": "Can change message", "content_type": 4}}, {"pk": 12, "model": "auth.permission", "fields": {"codename": "delete_message", "name": "Can delete message", "content_type": 4}}, {"pk": 1, "model": "auth.permission", "fields": {"codename": "add_permission", "name": "Can add permission", "content_type": 1}}, {"pk": 2, "model": "auth.permission", "fields": {"codename": "change_permission", "name": "Can change permission", "content_type": 1}}, {"pk": 3, "model": "auth.permission", "fields": {"codename": "delete_permission", "name": "Can delete permission", "content_type": 1}}, {"pk": 7, "model": "auth.permission", "fields": {"codename": "add_user", "name": "Can add user", "content_type": 3}}, {"pk": 8, "model": "auth.permission", "fields": {"codename": "change_user", "name": "Can change user", "content_type": 3}}, {"pk": 9, "model": "auth.permission", "fields": {"codename": "delete_user", "name": "Can delete user", "content_type": 3}}, {"pk": 13, "model": "auth.permission", "fields": {"codename": "add_contenttype", "name": "Can add content type", "content_type": 5}}, {"pk": 14, "model": "auth.permission", "fields": {"codename": "change_contenttype", "name": "Can change content type", "content_type": 5}}, {"pk": 15, "model": "auth.permission", "fields": {"codename": "delete_contenttype", "name": "Can delete content type", "content_type": 5}}, {"pk": 28, "model": "auth.permission", "fields": {"codename": "add_depo", "name": "Can add depo", "content_type": 10}}, {"pk": 29, "model": "auth.permission", "fields": {"codename": "change_depo", "name": "Can change depo", "content_type": 10}}, {"pk": 30, "model": "auth.permission", "fields": {"codename": "delete_depo", "name": "Can delete depo", "content_type": 10}}, {"pk": 25, "model": "auth.permission", "fields": {"codename": "add_djelatnik", "name": "Can add djelatnik", "content_type": 9}}, {"pk": 26, "model": "auth.permission", "fields": {"codename": "change_djelatnik", "name": "Can change djelatnik", "content_type": 9}}, {"pk": 27, "model": "auth.permission", "fields": {"codename": "delete_djelatnik", "name": "Can delete djelatnik", "content_type": 9}}, {"pk": 31, "model": "auth.permission", "fields": {"codename": "add_lijek", "name": "Can add lijek", "content_type": 11}}, {"pk": 32, "model": "auth.permission", "fields": {"codename": "change_lijek", "name": "Can change lijek", "content_type": 11}}, {"pk": 33, "model": "auth.permission", "fields": {"codename": "delete_lijek", "name": "Can delete lijek", "content_type": 11}}, {"pk": 40, "model": "auth.permission", "fields": {"codename": "add_posiljka", "name": "Can add posiljka", "content_type": 14}}, {"pk": 41, "model": "auth.permission", "fields": {"codename": "change_posiljka", "name": "Can change posiljka", "content_type": 14}}, {"pk": 42, "model": "auth.permission", "fields": {"codename": "delete_posiljka", "name": "Can delete posiljka", "content_type": 14}}, {"pk": 37, "model": "auth.permission", "fields": {"codename": "add_posiljkalijek", "name": "Can add posiljka lijek", "content_type": 13}}, {"pk": 38, "model": "auth.permission", "fields": {"codename": "change_posiljkalijek", "name": "Can change posiljka lijek", "content_type": 13}}, {"pk": 39, "model": "auth.permission", "fields": {"codename": "delete_posiljkalijek", "name": "Can delete posiljka lijek", "content_type": 13}}, {"pk": 34, "model": "auth.permission", "fields": {"codename": "add_zahtjev", "name": "Can add zahtjev", "content_type": 12}}, {"pk": 35, "model": "auth.permission", "fields": {"codename": "change_zahtjev", "name": "Can change zahtjev", "content_type": 12}}, {"pk": 36, "model": "auth.permission", "fields": {"codename": "delete_zahtjev", "name": "Can delete zahtjev", "content_type": 12}}, {"pk": 46, "model": "auth.permission", "fields": {"codename": "add_dobavljac", "name": "Can add dobavljac", "content_type": 16}}, {"pk": 47, "model": "auth.permission", "fields": {"codename": "change_dobavljac", "name": "Can change dobavljac", "content_type": 16}}, {"pk": 48, "model": "auth.permission", "fields": {"codename": "delete_dobavljac", "name": "Can delete dobavljac", "content_type": 16}}, {"pk": 43, "model": "auth.permission", "fields": {"codename": "add_lijek", "name": "Can add lijek", "content_type": 15}}, {"pk": 44, "model": "auth.permission", "fields": {"codename": "change_lijek", "name": "Can change lijek", "content_type": 15}}, {"pk": 45, "model": "auth.permission", "fields": {"codename": "delete_lijek", "name": "Can delete lijek", "content_type": 15}}, {"pk": 16, "model": "auth.permission", "fields": {"codename": "add_session", "name": "Can add session", "content_type": 6}}, {"pk": 17, "model": "auth.permission", "fields": {"codename": "change_session", "name": "Can change session", "content_type": 6}}, {"pk": 18, "model": "auth.permission", "fields": {"codename": "delete_session", "name": "Can delete session", "content_type": 6}}, {"pk": 19, "model": "auth.permission", "fields": {"codename": "add_site", "name": "Can add site", "content_type": 7}}, {"pk": 20, "model": "auth.permission", "fields": {"codename": "change_site", "name": "Can change site", "content_type": 7}}, {"pk": 21, "model": "auth.permission", "fields": {"codename": "delete_site", "name": "Can delete site", "content_type": 7}}, {"pk": 1, "model": "auth.group", "fields": {"name": "Prodaja", "permissions": []}}, {"pk": 2, "model": "auth.group", "fields": {"name": "Skladiste", "permissions": []}}, {"pk": 1, "model": "auth.user", "fields": {"username": "m", "first_name": "", "last_name": "", "is_active": true, "is_superuser": true, "is_staff": true, "last_login": "2011-10-08 01:23:40", "groups": [], "user_permissions": [], "password": "sha1$541b0$5c9d42b6bf9fa84f6c0a5c3e1fb07e5c3cf30421", "email": "m@m.com", "date_joined": "2011-10-04 03:45:21"}}, {"pk": 2, "model": "auth.user", "fields": {"username": "ana", "first_name": "Ana", "last_name": "\u0160tefan", "is_active": true, "is_superuser": false, "is_staff": false, "last_login": "2011-10-06 18:40:59", "groups": [1], "user_permissions": [], "password": "sha1$a54d5$541916936f36dbfab867d1bb7d6f3f246c746174", "email": "", "date_joined": "2011-10-06 00:29:24"}}, {"pk": 3, "model": "auth.user", "fields": {"username": "dragana", "first_name": "Dragana", "last_name": "Jozelji\u0107", "is_active": true, "is_superuser": false, "is_staff": false, "last_login": "2011-10-08 01:54:10", "groups": [1], "user_permissions": [], "password": "sha1$d9e81$50b7785da750527aa72638568ffe620f6dc487cb", "email": "", "date_joined": "2011-10-08 01:54:10"}}, {"pk": 4, "model": "auth.user", "fields": {"username": "jarmila", "first_name": "Jarmila", "last_name": "Kaminsky", "is_active": true, "is_superuser": false, "is_staff": false, "last_login": "2011-10-08 01:54:18", "groups": [1], "user_permissions": [], "password": "sha1$023a6$4ad35170b2a2c0a847e742f8d35c79e05f1cae20", "email": "", "date_joined": "2011-10-08 01:54:18"}}, {"pk": 5, "model": "auth.user", "fields": {"username": "marina", "first_name": "Marina", "last_name": "Milekovi\u0107", "is_active": true, "is_superuser": false, "is_staff": false, "last_login": "2011-10-08 01:55:37", "groups": [1], "user_permissions": [], "password": "sha1$eb84a$5144e567342bc0a1a9c496eb3fce48f3cd49be73", "email": "", "date_joined": "2011-10-08 01:55:37"}}, {"pk": 6, "model": "auth.user", "fields": {"username": "miki", "first_name": "Mirica", "last_name": "Huski\u0107", "is_active": true, "is_superuser": false, "is_staff": false, "last_login": "2011-10-08 01:56:10", "groups": [1], "user_permissions": [], "password": "sha1$49822$756e8e20fd5b0294f9d06cb8bdd4889ca0925375", "email": "", "date_joined": "2011-10-08 01:56:10"}}, {"pk": 7, "model": "auth.user", "fields": {"username": "lobel", "first_name": "Lobel", "last_name": "Frebel", "is_active": true, "is_superuser": false, "is_staff": false, "last_login": "2011-10-08 01:56:38", "groups": [1], "user_permissions": [], "password": "sha1$81514$3c20f331d1edbbe313688ab6aacaba355f07bc89", "email": "", "date_joined": "2011-10-08 01:56:38"}}, {"pk": 8, "model": "auth.user", "fields": {"username": "mara", "first_name": "Mara", "last_name": "Plavoti\u0107", "is_active": true, "is_superuser": false, "is_staff": false, "last_login": "2011-10-08 01:57:15", "groups": [1], "user_permissions": [], "password": "sha1$477d4$cc5459c6a5879096ae67025aabdbbb713a5ceade", "email": "", "date_joined": "2011-10-08 01:57:15"}}, {"pk": 9, "model": "auth.user", "fields": {"username": "petra", "first_name": "Petra", "last_name": "Kramar", "is_active": true, "is_superuser": false, "is_staff": false, "last_login": "2011-10-08 01:57:38", "groups": [1], "user_permissions": [], "password": "sha1$3fabc$ee211975b77cd139a11738fce75896ae856399f4", "email": "", "date_joined": "2011-10-08 01:57:38"}}, {"pk": 10, "model": "auth.user", "fields": {"username": "muftic", "first_name": "", "last_name": "Mufti\u0107", "is_active": true, "is_superuser": false, "is_staff": false, "last_login": "2011-10-08 02:15:35", "groups": [1, 2], "user_permissions": [], "password": "sha1$5f7ee$795566080b2b3fc00a2a6d4cbf388924920bc9be", "email": "", "date_joined": "2011-10-08 02:15:35"}}]